시도,시군구,읍면,동리,단지코드,단지명,단지분류,법정동주소,우편번호,도로명주소,분양형태,사용승인일,가입일,동수,세대수,분양세대수,임대세대수,임대세대수(공공),임대세대수(민간),관리방식,난방방식,복도유형,시공사,시행사,주택관리업자,주택관리업자 사업자등록번호,일반관리-관리방식,일반관리-인원,경비관리-관리방식,경비관리-인원,경비관리-계약업체,청소관리-관리방식,청소관리-인원,청소관리-계약업체,음식물 처리방법,소독관리-관리방식,소독관리-계약업체,연간소독횟수,소독방법,건물구조,전기-수전용량,전기-세대전기계약방식,전기안전관리자선임여부,화재수신반방식,급수방식,승강기관리-관리방식,승강기(승객용),승강기(화물용),승강기(승객+화물),승강기(장애인),승강기(비상용),승강기(기타),총주차대수,지상주차대수,지하주차대수,CCTV대수,홈네트워크,긴급자동차 출입가능한 출입문,선택한출입문의 주차관제시스템,긴급전용번호판자동인식여부,긴급자동차 출입방법,긴급자동차 즉시통과,관리사무소 주소,관리사무소 연락처,관리사무소 팩스,부대복리시설,최고층수,최고층수(건축물대장상),지하층수,차량보유대수(전체),차량보유대수(전기차),전기충전기설치여부(지상),전기충전기설치여부(지하),전기차전용주차면수(지상),전기차전용주차면수(지하),외부인개방여부(지상),외부인개방여부(지하),이용가능시작시간(지상),이용가능시작시간(지하),이용종료시작시간(지상),이용종료시작시간(지하),전기차충전시설(상세),전기차 충전시설 설치대수(지상),전기차 충전시설 설치대수(지하),입주편의시설
부산광역시,사하구,,괴정동,A10027002,IDS아델하임,도시형 생활주택(주상복합),부산광역시 사하구 괴정동 955-4 IDS아델하임,49358,부산광역시 사하구 사하로 182,분양,20170502,20170530,1,265,265,0,0,0,위탁관리,개별난방,복도식,청목E&C(주),KB부동산신탁(주),(주)디이씨오,6048134470,위탁관리,2,위탁관리,2,(주)디이씨오,위탁관리,2,,음식물쓰레기종량제,위탁관리,,5,분무식,철골철근콘크리트구조,1250,종합계약,위탁선임,GR형,부스타방식,위탁관리,0,0,0,2,1,0,186,0,186,72,무,정문,무,,,가능,부산광역시 사하구 사하로 182,512948711,512948712,"관리사무소, 커뮤니티공간, 자전거보관소",22,22,4,167,1,미설치,설치,0,3,,입주민전용,,23시 59분,,23시 59분,◆1◆|지하|벽부형충전기|AC단상 5핀|완속|3|파워큐브차저|,0,3,없음
부산광역시,사하구,,괴정동,A10022407,경성스마트W2차,주상복합,부산광역시 사하구 괴정동 263-1 경성스마트W2차,,,분양,20170814,20240829,3,123,123,0,0,0,위탁관리,개별난방,혼합식,(주)경성리츠,(주)경성리츠,(주)장천,6178135738,위탁관리,2,,,,위탁관리,1,(주)장천,,위탁관리,부산환경공사,,-,철골콘크리트구조,950,단일계약,위탁선임,R형,부스타방식,위탁관리,0,0,0,0,0,0,166,48,118,46,유,후문,유,부,,가능,부산광역시 사하구 낙동대로 182,517172810,,,17,,3,174,2,설치,설치,2,2,외부인허용,외부인허용,0시 0분,0시 0분,0시 0분,0시 0분,"◆1◆|지상|벽부형충전기|AC단상 5핀|완속|2|LG유플러스볼트업|,◆2◆|지하|벽부형충전기|AC단상 5핀|완속|2|LG유플러스볼트업|",2,2,없음
부산광역시,사하구,,괴정동,A10027875,괴정 경성스마트W아파트,주상복합,부산광역시 사하구 괴정동 258 괴정 경성스마트W아파트,49338,부산광역시 사하구 낙동대로 180,분양,20150806,20151013,3,182,182,0,0,0,자치관리,개별난방,혼합식,(주)경성리츠,(주)경성리츠, ,,자치관리,2,자치관리(직영),2,,자치관리,1,,차량수거방식,위탁관리,,5,분무식,철근콘크리트구조,1310,단일계약,위탁선임,R형,부스타방식,위탁관리,5,0,0,0,0,0,162,0,162,20,유,정문,무,,,가능,부산광역시 사하구 낙동대로180 경성스마트W아파트 관리사무소,512949363,512949364,관리사무소,15,15,2,180,1,미설치,미설치,0,0,,,,,,,,,,없음
부산광역시,사하구,,괴정동,A10028150,괴정K스타파크 아파트,아파트,부산광역시 사하구 괴정동 208 괴정K스타파크 아파트,49319,부산광역시 사하구 사리로70번길 24,분양,20150113,20150226,4,248,248,0,0,0,위탁관리,개별난방,계단식,(주)유성건설,케이비부동산신탁,(주)장천,6178135738,위탁관리,3,위탁관리,2,(주)동아에스엔씨,위탁관리,2,동아에스엔씨,음식물쓰레기종량제,자치관리,,,도포식,철근콘크리트구조,950,단일계약,상주선임,R형,부스타방식,위탁관리,9,0,0,0,0,0,252,72,180,57,무,정문,무,,,가능,49319,512013920,512013921,"관리사무소, 노인정, 주민공동시설, 어린이놀이터, 휴게시설, 자전거보관소",15,15,2,248,3,미설치,설치,0,3,,입주민전용,시 분,0시 0분,시 분,24시 0분,◆1◆|지하|벽부형충전기|AC단상 5핀|완속|3|파워큐브코리아|,0,3,없음
부산광역시,사하구,,괴정동,A60481201,괴정경동메르빌,아파트,부산광역시 사하구 괴정동 619-16 괴정경동메르빌,49394,부산광역시 사하구 괴정로244번길 57,분양,20061204,20090511,3,163,163,0,0,0,위탁관리,개별난방,계단식,(주)경동건설,(주)경동건설,남부공영(주),6078121523,위탁관리,2,위탁관리,2,태영종합개발,위탁관리,2,,음식물쓰레기종량제,위탁관리,,,-,철근콘크리트구조,950,단일계약,위탁선임,P형,부스타방식,위탁관리,5,0,0,0,0,0,166,78,88,32,무,정문,무,,,가능,부산시 사하구 괴정로 244번길 57,512036894,512036895,"관리사무소, 노인정, 어린이놀이터",15,15,0,201,1,미설치,설치,0,4,,입주민전용,시 분,0시 0분,시 분,23시 0분,◆1◆|지하|벽부형충전기|AC단상 5핀|완속|4|휴맥스ev|,0,4,없음
부산광역시,사하구,,괴정동,A60481203,괴정국제,아파트,부산광역시 사하구 괴정동 491-9 괴정국제,49388,부산광역시 사하구 사하로141번길 20,분양,19850605,20090511,2,176,176,0,0,0,자치관리,개별난방,계단식,국제건설,국제, ,,자치관리,3,자치관리,3,,위탁관리,1,현대용역,음식물쓰레기종량제,자치관리,,4,분무식,철근콘크리트구조,500,단일계약,위탁선임,P형,부스타방식,위탁관리,8,0,0,0,0,0,150,150,0,30,무,정문,무,,,가능,부산 사하구 사하로 141번길 20,512930847,512940848,"관리사무소, 노인정, 어린이놀이터",11,11,1,170,0,미설치,미설치,0,0,,,시 분,시 분,시 분,시 분,,,,없음
부산광역시,사하구,,괴정동,A60480804,괴정스타클래스아파트,아파트,부산광역시 사하구 괴정동 213-6 괴정스타클래스아파트,49319,부산광역시 사하구 대티로1번길 22,분양,20070430,20090511,8,470,470,0,0,0,위탁관리,개별난방,계단식,극동건설,부산신괴정재건축조합외1,(주)에이치엠 우성,6058147662,위탁관리,5,위탁관리,6,(유)엘림에스,위탁관리,4,(주)듀델코리아,음식물쓰레기종량제,위탁관리,녹생환경 클린케어,8,"도포식,분무식",철근콘크리트구조,2250,단일계약,상주선임,R형,부스타방식,위탁관리,15,0,0,0,0,0,475,167,308,98,무,정문,무,,,가능,부산시 사하구 대티로1번길 22,512042329,519192329,"관리사무소, 노인정, 주민공동시설, 어린이놀이터",25,25,0,473,6,설치,설치,7,5,입주민전용,입주민전용,0시 0분,0시 0분,0시 0분,0시 0분,"◆1◆|지상|벽부형충전기|AC단상 5핀|완속|7|LG U+|,◆2◆|지하|벽부형충전기|AC단상 5핀|완속|5|LG U+|",7,5,있음
부산광역시,사하구,,괴정동,A10024844,괴정신동아파밀리에 아파트,아파트,부산광역시 사하구 괴정동 1283 괴정신동아파밀리에 아파트,49360,부산광역시 사하구 사하로142번길 38,분양,20200602,20200629,4,150,150,0,0,0,위탁관리,개별난방,계단식,신동아건설,군월드건설, ,,위탁관리,2,위탁관리,2,(주)듀델코리아,위탁관리,2,(주)듀델코리아,차량수거방식,관리방식미정,,2,-,철근콘크리트구조,1215,종합계약,위탁선임,R형,압력탱크식,위탁관리,7,0,0,0,0,0,143,74,69,63,유,정문,유,부,관리자 등이 긴급자동차임을 확인한 후 차단기를 수동으로 개방해 주는 경우,불가능,부산광역시 사하구 괴정동 472-27,512040142,512020142,"관리사무소, 노인정, 주민공동시설, 어린이놀이터, 자전거보관소",19,19,2,67,2,미설치,미설치,0,0,,,시 분,시 분,시 분,시 분,,,,없음
부산광역시,사하구,,괴정동,A60481001,괴정신익타운,아파트,부산광역시 사하구 괴정동 398-22 괴정신익타운,49360,부산광역시 사하구 오작로 46,분양,19910423,20090511,4,228,228,0,0,0,자치관리,개별난방,혼합식,신익건설,신익개발, ,,자치관리,3,자치관리,4,,자치관리,2,,음식물쓰레기종량제,자치관리,,3,분무식,철근콘크리트구조,345,종합계약,위탁선임,P형,고가수조식,위탁관리,7,0,0,0,0,0,144,144,0,16,무,정문,무,,,가능,부산사하구오작로46,512039964,512039964,"관리사무소, 노인정, 어린이놀이터",15,15,0,163,0,설치,미설치,3,0,외부인허용,,0시 0분,시 분,23시 59분,시 분,◆1◆|지상|스탠드형충전기|직접입력|완속|3|(주)에버온|,3,0,없음
부산광역시,사하구,,괴정동,A10025542,괴정어반푸르지오,주상복합,부산광역시 사하구 괴정동 950-2 괴정어반푸르지오,49381,부산광역시 사하구 사하로 189,분양,20190215,20190513,1,152,152,0,0,0,위탁관리,개별난방,복도식,대우건설,서호도시개발,(주)명건,6078135065,위탁관리,4,,,,위탁관리,2,,음식물쓰레기종량제,자치관리,,,-,철골철근콘크리트구조,1550,종합계약,상주선임,R형,부스타방식,위탁관리,2,0,0,0,2,0,175,0,175,61,유,지하주차장,유,부,긴급자동차가 출입가능하도록 사전에 차량번호를 출입가능차량명부에 등록하는 경우,가능,부산시 사하구 사하로 189,512949596,512949597,"관리사무소, 주민공동시설, 휴게시설, 자전거보관소",23,23,5,142,0,미설치,설치,0,3,,입주민전용,,7시 0분,,24시 0분,◆1◆|지하|벽부형충전기|AC단상 5핀|완속|3|(주)파워큐브코리아|,0,3,없음
부산광역시,사하구,,괴정동,A60470801,괴정엔스타,주상복합,부산광역시 사하구 괴정동 1016-1 괴정엔스타,49355,부산광역시 사하구 낙동대로 203,분양,20110923,20111124,2,234,234,0,0,0,위탁관리,개별난방,계단식,엔스타건설,괴정시장 정비 조합,(주)에이비씨서비스,3728600893,위탁관리,3,자치관리,3,,자치관리,2,,음식물쓰레기종량제,위탁관리,주)주안시스템,4,분무식,철근콘크리트구조,1350,단일계약,위탁선임,R형,부스타방식,위탁관리,2,0,2,0,0,0,259,0,259,64,무,정문,무,,,가능,"부산시 사하구 낙동대로 203(괴정동, 엔스타아파트)",512931238,512061238,"관리사무소, 휴게시설",33,33,5,242,0,미설치,미설치,0,0,,입주민전용,시 분,시 분,시 분,시 분,,,,있음
부산광역시,사하구,,괴정동,A60481303,괴정일동지에닌아파트,주상복합,부산광역시 사하구 괴정동 571-8 괴정일동지에닌아파트,49401,부산광역시 사하구 낙동대로 301,분양,20040810,20090511,1,211,211,0,0,0,위탁관리,개별난방,계단식,일동건설,일동건설,삼성T.M.S,6078138188,위탁관리,2,위탁관리,2,(주)삼성티엠에스,위탁관리,2,(주)삼성티엠에스,음식물쓰레기종량제,관리방식미정,,,-,철근콘크리트구조,1150,단일계약,위탁선임,R형,부스타방식,위탁관리,5,0,0,0,0,0,267,35,232,39,무,지하주차장1,무,,,가능,부삼광역시 사하구 낙동대로 301,512031964,512031965,"관리사무소, 휴게시설, 자전거보관소",25,25,2,204,4,미설치,설치,0,6,,입주민전용,,9시 0분,,18시 0분,◆1◆|지하|벽부형충전기|AC단상 5핀|완속|6|주식회사 이지차저|,0,6,없음
부산광역시,사하구,,괴정동,A60485510,괴정자유1차아파트,아파트,부산광역시 사하구 괴정동 740 괴정자유1차아파트,49379,부산광역시 사하구 낙동대로 263,분양,19820901,20090511,6,320,320,0,0,0,자치관리,개별난방,계단식,자유건설,자유건설, ,,자치관리,4,위탁관리,10,(주)듀델코리아,위탁관리,4,,차량수거방식,위탁관리,,3,분무식,철근콘크리트구조,1345,종합계약,상주선임,P형,부스타방식,위탁관리,14,0,0,0,0,0,369,369,0,72,무,정문,유,부,관리자 등이 긴급자동차임을 확인한 후 차단기를 수동으로 개방해 주는 경우,불가능,부산광역시 사하구 낙동대로 263(괴정동),512020977,512020967,"관리사무소, 노인정, 어린이놀이터, 휴게시설",12,12,0,369,20,설치,미설치,7,0,입주민전용,,9시 0분,,21시 0분,,"◆1◆|지상|스탠드형충전기|AC단상 5핀|완속|4|(주)파워큐브코리아|,◆2◆|지상|벽부형충전기|AC단상 5핀|완속|3|(주)파워큐브코리아|",7,0,없음
부산광역시,사하구,,괴정동,A60481505,괴정자유2차,아파트,부산광역시 사하구 괴정동 1064-1 괴정자유2차,49321,부산광역시 사하구 승학로233번길 50,분양,19970201,20090511,2,235,235,0,0,0,자치관리,개별난방,계단식,자유건설(주),동해산업(주), ,,자치관리,3,자치관리,3,,자치관리,2,,음식물쓰레기종량제,자치관리,,16,"도포식,분무식",철근콘크리트구조,450,단일계약,위탁선임,P형,고가수조식,위탁관리,8,0,0,0,0,0,131,103,28,32,무,정문,무,,,가능,부산광역시 사하구 승학로 233번길 50,512086808,519840634,"관리사무소, 어린이놀이터",15,15,1,218,0,미설치,미설치,0,0,,,시 분,시 분,시 분,시 분,,,,없음
부산광역시,사하구,,괴정동,A60481508,괴정자유3차,아파트,부산광역시 사하구 괴정동 1065 괴정자유3차,49321,부산광역시 사하구 승학로233번길 33,분양,19970124,20090511,1,298,298,0,0,0,위탁관리,개별난방,혼합식,자유건설,자유건설, ,,위탁관리,3,자치관리,3,,위탁관리,3,고태,음식물쓰레기종량제,자치관리,,4,-,철근콘크리트구조,960,단일계약,위탁선임,R형,고가수조식,위탁관리,6,0,0,0,0,0,223,95,128,32,무,정문,무,,,가능,부산시 사하구 승학로 233번길 33,512020382,519660382,"관리사무소, 노인정, 어린이놀이터",25,25,1,265,3,미설치,설치,0,2,,입주민전용,시 분,0시 0분,시 분,24시 0분,◆1◆|지하|이동형충전기|AC단상 5핀|완속|2|(주)파워큐브코리아|,0,2,없음
부산광역시,사하구,,괴정동,A60470501,괴정참누리아파트,아파트,부산광역시 사하구 괴정동 207-52 괴정참누리아파트,49320,부산광역시 사하구 대티로17번길 47,분양,20120618,20120426,2,165,165,0,0,0,자치관리,개별난방,계단식,울트라건설,아시아신탁(티엔지개발), ,,자치관리,2,자치관리,2,,자치관리,2,,거점장비수거방식,자치관리(직영),,4,분무식,철근콘크리트구조,1050,단일계약,위탁선임,R형,부스타방식,위탁관리,7,0,0,0,0,0,176,45,131,36,무,정문,무,,,가능,부산광역시 사하구 대티로17번길 47,512949441,512949442,"관리사무소, 노인정, 어린이놀이터",15,15,2,205,5,미설치,설치,,4,,,시 분,0시 0분,시 분,0시 0분,"◆1◆|지하|스탠드형충전기|AC단상 5핀|완속|2|파워큐브|,◆2◆|지하|벽부형충전기|AC단상 5핀|완속|7|0.9|",0,9,없음
부산광역시,사하구,,괴정동,A10023969,괴정한신더휴아파트,아파트,부산광역시 사하구 괴정동 218-32 괴정한신더휴아파트,49319,부산광역시 사하구 사리로 106,혼합,20220610,20220119,11,835,793,42,0,42,위탁관리,개별난방,계단식,한신공영(주),괴정2구역 주택재개발 정비사업 조합,(주)디이씨오,6048134470,위탁관리,7,위탁관리,6,(주)디이씨오,위탁관리,10,(주)디이씨오,음식물쓰레기종량제,위탁관리,(주)소명환경,3,분무식,철골철근콘크리트구조,4750,종합계약,상주선임,GR형,부스타방식,위탁관리,21,0,0,0,0,0,902,5,897,284,유,정문,유,여,,가능,부산시 사하구 사리로 106,512949606,512949607,"관리사무소, 노인정, 보육시설, 어린이놀이터, 커뮤니티공간, 자전거보관소",29,29,3,900,14,미설치,설치,0,5,,입주민전용,,24시 1분,,24시 1분,"◆1◆|지하|스탠드형충전기|AC단상 5핀|완속|4|코스텔|,◆2◆|지하|스탠드형충전기|AC단상 5핀|급속|1|코스텔|",0,5,있음
부산광역시,사하구,,괴정동,A10027464,괴정협성휴포레아파트,아파트,부산광역시 사하구 괴정동 952-1 괴정협성휴포레아파트,49382,부산광역시 사하구 사하로 183,분양,20160525,20160727,3,299,299,0,0,0,위탁관리,개별난방,계단식,주)협성건설,주)협성건설,(주)삼성T.M.S,6078138188,위탁관리,6,위탁관리,4,(주)에스원,위탁관리,4,(주)삼성보안공사,음식물쓰레기종량제,위탁관리,,5,분무식,철근콘크리트구조,2250,종합계약,상주선임,R형,부스타방식,위탁관리,8,0,0,0,0,0,484,0,484,101,무,지하주차장,유,부,관리자 등이 긴급자동차임을 확인한 후 차단기를 수동으로 개방해 주는 경우,불가능,부산시 사하구 사하로 183,512042920,512042921,"관리사무소, 어린이놀이터, 자전거보관소",29,29,4,473,0,미설치,미설치,0,10,,,,,,,,,,없음
부산광역시,사하구,,괴정동,A60481209,괴정협진태양,아파트,부산광역시 사하구 괴정동 530-13 괴정협진태양,49387,부산광역시 사하구 괴정로270번길 34,분양,19810311,20090511,9,300,300,0,0,0,자치관리,개별난방,계단식,협진주택(주),협진주택(주), ,,자치관리,3,자치관리,3,,자치관리,2,,음식물쓰레기종량제,자치관리,,4,분무식,철근콘크리트구조,675,단일계약,위탁선임,기타,고가수조식,,,0,0,0,0,0,240,240,0,16,무,정문,무,,,가능,부산광역시 사하구 괴정동 530-13,512027908,512027908,"관리사무소, 노인정, 어린이놀이터",5,5,0,218,0,미설치,미설치,0,0,,,,,,,,,,없음
부산광역시,사하구,,괴정동,A60481601,동진그린힐아파트,아파트,부산광역시 사하구 괴정동 1207-4 동진그린힐아파트,49392,부산광역시 사하구 장평로 378,분양,19950608,20090511,1,207,207,0,0,0,위탁관리(직영+위탁),개별난방,혼합식,동진종합건축(주),동진종합건축(주), ,,위탁관리(직영+위탁),2,위탁관리,4,삼성보안공사,위탁관리,2,삼성보안,음식물쓰레기종량제,자치관리,,3,"분무식,기구부착식",철근콘크리트구조,720,기타,위탁선임,P형,고가수조식,위탁관리,5,0,0,0,0,0,139,46,93,32,무,정문,무,,,가능,부산시 사하구 장평로 378번지,519923908,512053907,"관리사무소, 노인정, 어린이놀이터",20,20,1,167,0,미설치,미설치,0,3,,,시 분,시 분,시 분,시 분,,,,없음
부산광역시,사하구,,괴정동,A60480703,벽산하이츠아파트,아파트,부산광역시 사하구 괴정동 352-34 벽산하이츠아파트,49360,부산광역시 사하구 오작로 104,분양,19951113,20090511,2,299,299,0,0,0,위탁관리,개별난방,혼합식,벽산건설(주),하이츠건설(주),(주)하나티엠,6058124811,위탁관리,3,위탁관리,3,(주)신성,위탁관리,2,(주)신성,음식물쓰레기종량제,위탁관리,페스텍,3,분무식,철근콘크리트구조,690,단일계약,위탁선임,P형,부스타방식,위탁관리,0,0,6,0,0,0,221,136,85,32,무,정문,무,,,가능,부산광역시 사하구 오작로104(괴정동),512917948,519927948,"관리사무소, 노인정, 어린이놀이터",23,23,1,269,1,설치,미설치,5,0,입주민전용,,0시 0분,,23시 59분,,◆1◆|지상|벽부형충전기|직접입력|완속|5|(주)엘지유플러스|,5,0,없음
부산광역시,사하구,,괴정동,A10024383,사하역비스타동원,아파트,부산광역시 사하구 괴정동 1284 사하역비스타동원,49343,부산광역시 사하구 낙동대로 280,분양,20210126,20210311,4,513,513,0,0,0,위탁관리,개별난방,계단식,동원개발,괴정지역주택조합,(주)청풍산업,6038151670,위탁관리,5,위탁관리,4,(주)태협,위탁관리,5,(주)태협,음식물쓰레기종량제,관리방식미정,,,-,철골철근콘크리트구조,2400,종합계약,상주선임,R형,부스타방식,위탁관리,13,0,0,0,0,0,616,0,616,198,유,지하주차장,유,부,긴급자동차가 출입가능하도록 사전에 차량번호를 출입가능차량명부에 등록하는 경우,가능,부산시 사하구 낙동대로280,512715501,512715502,"관리사무소, 노인정, 보육시설, 주민공동시설, 어린이놀이터, 휴게시설, 유치원, 커뮤니티공간, 자전거보관소",32,32,4,630,12,미설치,설치,0,13,,,,0시 1분,,23시 59분,"◆1◆|지하|스탠드형충전기|직접입력|급속|1|현대엔지니어링|,◆2◆|지하|벽부형충전기|직접입력|완속|12|현대엔지니어링|",0,13,없음
부산광역시,사하구,,괴정동,A60481002,신괴정화신맨션아파트,아파트,부산광역시 사하구 괴정동 398-23 신괴정화신맨션아파트,49360,부산광역시 사하구 오작로 68,분양,19900331,20090511,3,270,270,0,0,0,위탁관리,개별난방,계단식,(주)화신주택,(주)화신주택,(주)하나종합관리,6088146774,위탁관리,3,위탁관리,4,(주)삼성티엠에스,위탁관리,2,(주)삼성티엠에스,음식물쓰레기종량제,자치관리,,2,분무식,철근콘크리트구조,700,단일계약,위탁선임,P형,고가수조식,위탁관리,9,0,0,0,0,0,187,148,39,35,무,정문,무,,,가능,부산시 사하구 오작로 68,512044930,512044928,"관리사무소, 노인정, 어린이놀이터",15,15,0,270,3,미설치,설치,0,0,외부인허용,,시 분,,시 분,,◆1◆|지하|이동형충전기|AC단상 5핀|완속|12|파워큐브|,0,12,없음
부산광역시,사하구,,괴정동,A60473407,신동양,아파트,"부산광역시 사하구 괴정동 547-1,부산광역시 사하구 괴정동 733 신동양",49379,"부산광역시 사하구 장평로450번길 12,부산광역시 사하구 낙동대로 265",분양,19791220,20090511,3,273,273,0,0,0,자치관리,개별난방,혼합식,신동양건설,신동양건설, ,,자치관리,3,자치관리,4,,자치관리,3,,음식물쓰레기종량제,자치관리,,12,분무식,철근콘크리트구조,550,종합계약,위탁선임,P형,고가수조식,위탁관리,3,0,0,0,0,0,249,249,0,41,무,정문,유,부,긴급자동차가 출입가능하도록 사전에 차량번호를 출입가능차량명부에 등록하는 경우,가능,부산광역시 사하구 낙동대로 265번길,519930488,519930479,"관리사무소, 어린이놀이터",13,13,1,245,0,미설치,미설치,0,0,,,,,,,,,,없음
부산광역시,사하구,,괴정동,A60481206,우신타워,아파트,부산광역시 사하구 괴정동 614-9 우신타워,49394,부산광역시 사하구 사하로141번나길 35-4,분양,19891012,20090511,2,250,250,0,0,0,자치관리,개별난방,혼합식,우신종합건설,우신종합건설, ,,자치관리,2,자치관리,4,,자치관리(직영),2,,음식물쓰레기종량제,위탁관리,,2,분무식,철근콘크리트구조,500,단일계약,위탁선임,P형,부스타방식,위탁관리,7,0,0,0,0,0,155,155,0,28,무,정문,무,,,가능,부산광역시 사하구 사하로141번나길 35-4,512062550,512062551,"관리사무소, 노인정, 어린이놀이터",15,15,0,195,1,설치,미설치,3,0,,,,시 분,,시 분,◆1◆|지상|스탠드형충전기|AC단상 5핀|완속|||,,0,없음
부산광역시,사하구,,괴정동,A60481504,한신청록,아파트,부산광역시 사하구 괴정동 795-14 한신청록,49321,부산광역시 사하구 승학로 221,분양,19971114,20090511,2,225,225,0,0,0,위탁관리,개별난방,계단식,(주)한신건설,청록건설,(주)주우관리,6058113949,위탁관리,3,위탁관리,3,(주)주우관리,위탁관리,2,(주)주우관리,음식물쓰레기종량제,관리방식미정,,2,분무식,철근콘크리트구조,700,단일계약,위탁선임,R형,고가수조식,위탁관리,8,0,0,0,0,0,220,68,152,7,무,정문,무,,,가능,부산 사하구 승학로 221,512929792,519639792,"관리사무소, 노인정, 어린이놀이터",19,19,3,240,5,미설치,설치,0,2,,입주민전용,시 분,1시 0분,시 분,23시 0분,◆1◆|지하|벽부형충전기|AC단상 5핀|완속|2|코스텔|,0,2,없음
부산광역시,사하구,,괴정동,A10023440,힐스테이트사하역 아파트,아파트,부산광역시 사하구 괴정동 1208 힐스테이트사하역 아파트,49406,부산광역시 사하구 괴정로 166,분양,20221228,20230110,12,1314,1314,0,0,0,위탁관리,개별난방,계단식,현대엔지니어링,우리자산신탁(주),(주)혜강종합관리,6058121167,위탁관리,11,위탁관리,8,(주)에스원,위탁관리,13,(주)목평,음식물쓰레기종량제,위탁관리,(주)혜강종합관리,3,도포식,철근콘크리트구조,8000,종합계약,상주선임,R형,부스타방식,위탁관리,0,0,0,24,47,0,1566,0,1566,273,유,후문,유,여,,가능,부산광역시 사하구 괴정로166,512924445,512924443,"관리사무소, 노인정, 보육시설, 문고, 주민공동시설, 어린이놀이터, 휴게시설, 커뮤니티공간, 자전거보관소, 기타",38,38,2,1850,42,미설치,설치,0,76,입주민전용,입주민전용,,0시 0분,,24시 0분,"◆1◆|지하|벽부형충전기|AC단상 5핀|완속|58|플러그링크(주)|,◆2◆|지하|스탠드형충전기|AC단상 5핀|완속|16|플러그링크(주)|,◆3◆|지하|스탠드형충전기|AC단상 5핀|급속|2|피에스텍(주)|",0,76,없음
부산광역시,사하구,,당리동,A10026912,경보이리스힐당리,아파트,부산광역시 사하구 당리동 577 경보이리스힐당리,49322,부산광역시 사하구 승학로71번길 146,분양,20170426,20170731,3,279,279,0,0,0,위탁관리,개별난방,계단식,(주)경보종합건설,(주)청일건설산업,(주)삼성T.M.S,6078138188,위탁관리,3,위탁관리,2,(주)삼성티엠에스,위탁관리,3,(주)삼성티엠에스,차량수거방식,위탁관리,(주)고려그린산업,4,분무식,철근콘크리트구조,1900,단일계약,상주선임,R형,부스타방식,위탁관리,8,0,0,0,8,0,294,26,268,67,유,정문,유,여,,가능,부산시 사하구 승학로71번길 146,512045252,512045454,"관리사무소, 노인정, 어린이놀이터, 기타",26,26,3,331,10,설치,설치,4,2,,입주민전용,0시 1분,0시 1분,23시 59분,23시 59분,"◆1◆|지하|벽부형충전기|AC단상 5핀|완속|2|(주)파워큐브코리아|,◆2◆|지상|스탠드형충전기|AC단상 5핀|완속|4|LG유플러스볼트업|",4,2,없음
부산광역시,사하구,,당리동,A60482812,당리동1차동원베네스트,아파트,부산광역시 사하구 당리동 16-7 당리동1차동원베네스트,49317,부산광역시 사하구 제석로 160,분양,20050205,20090511,7,499,499,0,0,0,자치관리,개별난방,계단식,동원건설산업,동원건설산업, ,,자치관리,5,자치관리(직영),6,,자치관리(직영),4,,음식물쓰레기종량제,위탁관리,엔터스,3,분무식,철근콘크리트구조,1900,단일계약,상주선임,R형,부스타방식,위탁관리,18,0,0,0,0,0,520,304,216,94,유,정문,무,,,가능,부산광역시 사하구 제석로160,512923116,512923117,"관리사무소, 노인정, 주민공동시설, 어린이놀이터, 자전거보관소",15,15,0,17,11,설치,설치,11,6,입주민전용,입주민전용,0시 0분,0시 0분,0시 0분,0시 0분,"◆1◆|지하|벽부형충전기|AC단상 5핀|완속|3|sk홈앤서비스|,◆2◆|지상|벽부형충전기|AC단상 5핀|완속|11|LGU+|,◆3◆|지하|벽부형충전기|AC단상 5핀|완속|3|LGU+|",11,6,없음
부산광역시,사하구,,당리동,A60482811,당리동2차동원베네스트,아파트,부산광역시 사하구 당리동 16-12 당리동2차동원베네스트,49317,부산광역시 사하구 제석로 171,분양,20060118,20090511,5,432,432,0,0,0,위탁관리,개별난방,계단식,삼미개발(주),동원시스템즈,(주)하나종합관리,6088146774,위탁관리,5,위탁관리(직영+위탁),4,하나종합관리,위탁관리(직영+위탁),4,하나종합관리,음식물쓰레기종량제,위탁관리,고려그린산업,3,분무식,철근콘크리트구조,1091,단일계약,위탁선임,R형,부스타방식,위탁관리,11,0,0,0,0,0,586,235,351,73,무,정문,무,,,가능,부산시 사하구 제석로 171(당리동 16-12) 당리동원2차베네스트 관리사무소,512936997,512936998,"관리사무소, 노인정, 주민공동시설, 어린이놀이터, 자전거보관소",20,20,1,586,12,미설치,설치,0,13,,입주민전용,,1시 1분,,23시 59분,"◆1◆|지하|벽부형충전기|직접입력|완속|8|에스에스차지|,◆2◆|지하|벽부형충전기|직접입력|완속|5|이지차저|",0,13,없음
부산광역시,사하구,,당리동,A60471209,당리반도보라아파트,아파트,부산광역시 사하구 당리동 180 당리반도보라아파트,49316,부산광역시 사하구 제석로79번길 11,분양,19920725,20090511,3,384,384,0,0,0,자치관리,개별난방,계단식,(주)반도종합건설,(주)반도종합건설, ,,자치관리,3,자치관리,6,,자치관리,3,,거점장비수거방식,위탁관리,,4,"도포식,분무식,기구부착식",철근콘크리트구조,336,기타,위탁선임,P형,부스타방식,위탁관리,13,0,0,0,0,0,438,384,54,78,무,정문,무,,,가능,부산광역시 사하구 제석로 79번길 11(당리동),512088388,519968388,"관리사무소, 노인정, 어린이놀이터, 휴게시설",15,15,0,259,0,미설치,미설치,0,0,,,시 분,시 분,시 분,시 분,,,,없음
부산광역시,사하구,,당리동,A60471706,당리벽산으뜸아파트,아파트,부산광역시 사하구 당리동 534-1 당리벽산으뜸아파트,49416,부산광역시 사하구 다대로22번길 30,분양,19920827,20090511,2,270,270,0,0,0,자치관리,개별난방,계단식,벽산건설,벽산건설, ,,자치관리,3,위탁관리,4,비앤에이서비스,위탁관리,2,,음식물쓰레기종량제,자치관리,,2,"도포식,분무식",철근콘크리트구조,895,단일계약,위탁선임,P형,고가수조식,위탁관리,10,0,0,0,0,0,233,233,0,24,무,정문,무,,,가능,부산광역시 사하구 다대로22번길 30,512021660,512021660,"관리사무소, 노인정, 어린이놀이터",15,15,1,283,0,설치,미설치,4,0,,,0시 분,시 분,24시 분,시 분,◆1◆|지상|스탠드형충전기|AC단상 5핀|완속|4|(주)LG유플러스|,4,0,없음
부산광역시,사하구,,당리동,A60471809,당리부영벽산블루밍,아파트,부산광역시 사하구 당리동 66 당리부영벽산블루밍,49322,부산광역시 사하구 승학로71번길 60,분양,20110119,20110325,5,298,298,0,0,0,위탁관리,개별난방,계단식,(주)벽산건설,(주)부영건설,목송산업개발(주),4098132561,위탁관리,5,위탁관리,3,삼성티엠에스,위탁관리,3,삼성티엠에스,차량수거방식,위탁관리,,4,"도포식,분무식",철근콘크리트구조,1750,단일계약,상주선임,R형,부스타방식,위탁관리,7,0,0,0,0,0,303,20,283,78,유,정문,유,부,관리자 등이 긴급자동차임을 확인한 후 차단기를 수동으로 개방해 주는 경우,불가능,부산광역시 사하구 승학로 71번길 60,512010653,512010654,"관리사무소, 노인정, 어린이놀이터, 자전거보관소",21,21,3,306,0,미설치,설치,0,0,,입주민전용,시 분,0시 0분,시 분,23시 0분,◆1◆|지하|벽부형충전기|AC단상 5핀|완속|6|홈앤서비스 주식회사|,0,6,없음
부산광역시,사하구,,당리동,A60471904,당리삼성타워아파트,아파트,부산광역시 사하구 당리동 480-9 당리삼성타워아파트,49322,부산광역시 사하구 마하로 81,분양,19911219,20090511,1,210,210,0,0,0,위탁관리,개별난방,계단식,삼성건설(주),삼성건설(주),(주)하나종합관리,6088146774,위탁관리,2,위탁관리,2,하나종합관리,위탁관리,2,,거점장비수거방식,위탁관리,,4,분무식,철근콘크리트구조,141,단일계약,위탁선임,P형,부스타방식,위탁관리,7,0,0,0,0,0,190,130,60,32,무,정문,무,,,가능,부산광역시 사하구 당리동 480-9번지 (마하로81),512055548,512055595,"관리사무소, 노인정",15,15,1,0,1,미설치,미설치,0,0,,,시 분,시 분,시 분,시 분,,,,없음
부산광역시,사하구,,당리동,A10027449,당리삼창아파트,아파트,부산광역시 사하구 당리동 313-9 당리삼창아파트,,,분양,20031031,20160811,1,138,138,0,0,0,위탁관리,개별난방,혼합식,삼창종합건설,삼창종합건설,(주)명가종합관리,6038143582,위탁관리,10,위탁관리,2,(주)명가종합관리,위탁관리,1,,음식물쓰레기종량제,위탁관리,,2,"도포식,분무식",기타구조,12345,종합계약,위탁선임,기타,기타,위탁관리,3,0,0,0,0,0,150,0,150,5,,,,,,가능,부산시 사하구 제석로 33,512068100,512068101,기타,19,19,2,,,,,,,,,,,,,,,,없음
부산광역시,사하구,,당리동,A60471808,당리신익아파트,아파트,부산광역시 사하구 당리동 407 당리신익아파트,49322,부산광역시 사하구 승학로 123-4,분양,19920124,20090511,5,299,299,0,0,0,자치관리,개별난방,혼합식,(주)신익개발,(주)신익개발, ,,자치관리,4,위탁관리,5,(주)에스코아,위탁관리,4,,음식물쓰레기종량제,위탁관리,,2,분무식,철근콘크리트구조,577,단일계약,위탁선임,P형,부스타방식,위탁관리,12,0,0,0,0,0,284,284,0,56,무,정문,무,,,가능,부산광역시 사하구 승학로 123-4,512060113,512060889,"관리사무소, 노인정, 어린이놀이터, 자전거보관소",15,15,1,360,6,설치,미설치,6,0,입주민전용,,0시 1분,,23시 0분,,◆1◆|지상|벽부형충전기|AC단상 5핀|완속|6|GS케넥트(주)|,6,0,없음
부산광역시,사하구,,당리동,A60471810,당리푸르지오,아파트,부산광역시 사하구 당리동 572 당리푸르지오,49322,부산광역시 사하구 승학로71번길 30,혼합,20130724,20130530,5,542,494,48,48,0,위탁관리,개별난방,계단식,(주)대우건설,당리1지구주택재개발정비사업조함,(주)에이비씨서비스,3728600893,위탁관리,5,위탁관리,6,(주)목평인력개발,위탁관리,6,(주)목평인력개발,음식물쓰레기종량제,위탁관리,(주)엔터스,3,분무식,철근콘크리트구조,2500,단일계약,상주선임,P형,부스타방식,위탁관리,13,0,0,0,0,1,749,0,749,160,유,GATE1,유,부,긴급자동차가 출입가능하도록 사전에 차량번호를 출입가능차량명부에 등록하는 경우,가능,부산시 사하구 승학로70번길 30(당리동),512022245,512022246,"관리사무소, 노인정, 보육시설, 문고, 주민공동시설, 어린이놀이터, 자전거보관소",26,26,3,492,7,미설치,설치,0,15,,입주민전용,,6시 0분,,22시 0분,◆1◆|지하|벽부형충전기|AC단상 5핀|완속|15|everon|,0,15,없음
부산광역시,사하구,,당리동,A10021073,당리협진태양아파트,아파트,부산광역시 사하구 당리동 532- 당리협진태양아파트,,,분양,19820331,20241219,9,265,265,0,0,0,자치관리,개별난방,계단식,(주)협진주택,(주)협진주택, ,,자치관리,4,,,,자치관리,2,,,관리방식미정,,,-,철골콘크리트구조,,,,,,,0,0,0,0,0,0,111,111,,19,무,,,,,가능,부산시 사하구 다대로 30,512037393,512049333,,5,,0,,,,,,,,,,,,,,,,없음
부산광역시,사하구,,당리동,A60482901,당리형제아파트,아파트,부산광역시 사하구 당리동 39-18 당리형제아파트,49316,부산광역시 사하구 제석로95번길 21,분양,19981124,20090511,1,183,183,0,0,0,자치관리,개별난방,혼합식,(주)혜성건설,(주)형제주택, ,,자치관리,2,위탁관리,2,(주)삼성보안공사,자치관리,2,,차량수거방식,자치관리,,2,분무식,철근콘크리트구조,610,단일계약,위탁선임,P형,고가수조식,자치관리,0,0,4,0,0,0,129,105,24,42,무,정문,무,,,가능,부산광역시 사하구 제석로95번길 21,512023587,512023582,"관리사무소, 어린이놀이터, 자전거보관소",18,18,1,144,2,미설치,설치,0,3,,,시 분,0시 0분,시 분,23시 59분,◆1◆|지하|벽부형충전기|AC단상 5핀|완속|3|LG유플러스|,0,3,없음
부산광역시,사하구,,당리동,A60472010,당리혜성아파트,아파트,부산광역시 사하구 당리동 17-2 당리혜성아파트,49316,부산광역시 사하구 제석로 127,분양,19960130,20090511,4,423,423,0,0,0,자치관리,개별난방,혼합식,(주)혜성건설,(주)혜성건설, ,,자치관리,4,자치관리,4,,자치관리,3,,거점장비수거방식,자치관리,,6,분무식,철근콘크리트구조,750,단일계약,위탁선임,기타,부스타방식,위탁관리,10,0,0,0,0,0,288,110,178,46,무,정문,무,,,가능,부산광역시 사하구 제석로127,512075387,512070050,"관리사무소, 노인정, 어린이놀이터",25,25,0,398,4,설치,미설치,5,0,입주민전용,,23시 0분,,23시 0분,,◆1◆|지상|스탠드형충전기|AC단상 5핀|완속|2|한국전력공사|,2,0,없음
부산광역시,사하구,,당리동,A60482902,우림그린아파트,아파트,부산광역시 사하구 당리동 33-3 우림그린아파트,49316,부산광역시 사하구 제석로95번길 22-5,분양,19910527,20090511,2,194,194,0,0,0,자치관리,개별난방,계단식,(주)우림주택,(주)우림주택, ,,자치관리,2,자치관리,4,,자치관리,2,,차량수거방식,위탁관리,우주종합환경,7,분무식,철근콘크리트구조,150,단일계약,위탁선임,P형,고가수조식,위탁관리,7,0,0,0,0,0,175,143,32,39,무,정문,무,,,가능,부산시 사하구 제석로 95번길 22-5,512072331,512072331,"관리사무소, 노인정, 어린이놀이터",15,15,1,184,2,설치,미설치,7,0,입주민전용,,0시 0분,시 분,23시 0분,시 분,◆1◆|지상|벽부형충전기|AC단상 5핀|완속|7|U 플러스|,7,0,없음
부산광역시,사하구,,하단동,A60476101,가락타운1단지아파트,아파트,부산광역시 사하구 하단동 365 가락타운1단지아파트,49305,부산광역시 사하구 하신번영로 365,분양,19920914,20090511,18,1746,1746,0,0,0,위탁관리,개별난방,계단식,"현대산업개발(주),벽산건설(주)",현대산업개발(주),(주)삼성T.M.S,6078138188,위탁관리,12,위탁관리,30,삼성보안공사,위탁관리,10,삼성보안공사,음식물쓰레기종량제,위탁관리,(주)고려그린산업,3,"도포식,분무식",철근콘크리트구조,4700,단일계약,상주선임,P형,부스타방식,위탁관리,51,0,0,0,0,0,1272,1065,207,218,무,정문,무,,,가능,부산광역시 사하구 하신번영로 365,512049566,519919161,"관리사무소, 노인정, 어린이놀이터, 유치원, 자전거보관소",20,20,1,1853,10,미설치,설치,0,10,,입주민전용,시 분,0시 1분,시 분,23시 59분,◆1◆|지하|벽부형충전기|AC단상 5핀|완속|10|에버온|,0,10,없음
부산광역시,사하구,,하단동,A60476206,가락타운2.3단지아파트,아파트,부산광역시 사하구 하단동 1175 가락타운2.3단지아파트,49430,"부산광역시 사하구 하신번영로 233,부산광역시 사하구 하신중앙로 265",분양,19920914,20090511,35,2980,2980,0,0,0,자치관리,개별난방,계단식,"SK건설, 벽산건설",가락타운합동업단, ,,자치관리,16,위탁관리,52,세호종합관리(주),위탁관리,26,(주)비씨에스,음식물쓰레기종량제,위탁관리,(주)영진이앤디,3,분무식,철근콘크리트구조,7200,단일계약,상주선임,P형,고가수조식,위탁관리,87,0,0,0,0,0,2277,1652,625,352,무,정문,무,,,가능,부산시 사하구 하신번영로 233,512047668,512047670,"관리사무소, 노인정, 보육시설, 주민공동시설, 어린이놀이터, 휴게시설, 유치원, 자전거보관소",24,24,1,2640,40,미설치,설치,0,29,,,시 분,0시 1분,시 분,23시 59분,◆1◆|지하|벽부형충전기|직접입력|완속|29|(주)지케넥트|,0,29,없음
부산광역시,사하구,,하단동,A60402001,남영임대2차아파트,아파트,부산광역시 사하구 하단동 475 남영임대2차아파트,49303,부산광역시 사하구 낙동대로575번길 10,임대,19890415,20090511,2,354,0,354,0,354,위탁관리,개별난방,복도식,남영토건,남영토건,(주)썬앤문,6028141335,위탁관리,5,위탁관리,4,(주)썬앤문,위탁관리,3,(주)썬앤문,음식물쓰레기종량제,위탁관리,부일환경산업,7,"도포식,분무식",철근콘크리트구조,750,종합계약,위탁선임,P형,고가수조식,위탁관리,4,0,0,0,0,0,68,68,0,16,무,정문,무,,,가능,부산광역시 사하구 낙동대로575번길 10,512034441,512034443,"관리사무소, 어린이놀이터",15,15,0,0,0,미설치,미설치,0,0,,,시 분,시 분,시 분,시 분,,,,없음
부산광역시,사하구,,하단동,A10020808,사하삼정그린코아더시티,아파트,부산광역시 사하구 하단동 510-27 사하삼정그린코아더시티,,,분양,20250115,20250304,2,216,216,0,0,0,위탁관리,개별난방,계단식,삼정건설주식회사,삼정건설주식회사,(주)와이엠시스템,1668101967,위탁관리,5,위탁관리,,와이엠시스템,위탁관리,3,와이엠시스템,음식물쓰레기종량제,관리방식미정,,,-,철골철근콘크리트구조,2182,종합계약,상주선임,R형,부스타방식,관리방식미정,5,0,0,1,4,0,270,0,270,95,유,정문,무,,,가능,부산광역시 사하구 승학로3번길 47(하단동),512075520,512085520,"관리사무소, 커뮤니티공간",26,,3,0,0,미설치,미설치,0,0,입주민전용,입주민전용,시 분,시 분,시 분,시 분,,,,없음
부산광역시,사하구,,하단동,A60402003,하단 SK VIEW 아파트,아파트,부산광역시 사하구 하단동 1217-1 하단 SK VIEW 아파트,49302,부산광역시 사하구 하신번영로 400,분양,20040531,20090511,17,1828,1828,0,0,0,위탁관리,개별난방,계단식,20220404,삼성화재,(주)경일씨엔에스,6098145384,위탁관리,13,위탁관리,26,세명엔터프라이즈,위탁관리,18,세명엔터프라이즈,음식물쓰레기종량제,위탁관리,푸른환경시스템,3,분무식,철근콘크리트구조,3850,단일계약,상주선임,GR형,부스타방식,위탁관리,38,0,0,0,0,0,1858,774,1084,175,유,정문,유,부,관리자 등이 긴급자동차임을 확인한 후 차단기를 수동으로 개방해 주는 경우,불가능,부산시 사하구 하신번영로 400,512075557,512941575,"관리사무소, 노인정, 보육시설, 문고, 주민공동시설, 어린이놀이터, 휴게시설, 커뮤니티공간, 자전거보관소, 기타",25,25,2,2255,11,미설치,설치,0,38,,입주민전용,,0시 1분,,0시 0분,◆1◆|지하|벽부형충전기|AC단상 5핀|완속|38|파워큐브|,0,38,있음
부산광역시,사하구,,하단동,A10023581,하단롯데캐슬,주상복합,부산광역시 사하구 하단동 1219 하단롯데캐슬,49410,부산광역시 사하구 낙동대로 413,임대,20220930,20221028,1,356,0,356,0,356,위탁관리,개별난방,복도식,롯데건설(주),(주)엘티하나제7호위탁관리부동산투자회사,동우씨엠(주),5028145633,위탁관리,5,위탁관리,2,동우씨엠(주),위탁관리,4,,음식물쓰레기종량제,,,,-,철근콘크리트구조,2350,종합계약,상주선임,GR형,부스타방식,관리방식미정,97,0,97,0,0,0,281,0,281,97,유,후문,유,여,,가능,부산광역시 사하구 낙동대로 413,512949860,512949861,"관리사무소, 보육시설, 문고, 주민공동시설, 어린이놀이터, 휴게시설, 커뮤니티공간, 자전거보관소",20,20,4,281,19,미설치,미설치,0,0,,,시 분,시 분,시 분,시 분,,,,없음
부산광역시,사하구,,하단동,A60485001,하단삼창,아파트,부산광역시 사하구 하단동 277 하단삼창,49413,부산광역시 사하구 괴정로 76,분양,20010625,20090511,1,162,162,0,0,0,위탁관리,개별난방,계단식,삼창종합건설(주),삼창종합건설(주),(주)디이씨오,6048134470,위탁관리,2,위탁관리,2,경성종합관리,위탁관리,2,경성종합관리,차량수거방식,위탁관리,우주종합환경,1,"도포식,기구부착식",철근콘크리트구조,640,단일계약,위탁선임,P형,고가수조식,위탁관리,0,0,0,0,4,0,160,26,134,24,무,정문,무,,,가능,부산광역시 사하구 괴정로 76,512060018,512060070,"관리사무소, 노인정, 어린이놀이터",21,21,3,150,3,미설치,설치,0,4,,외부인허용,,0시 0분,,23시 0분,◆1◆|지하|벽부형충전기|AC3상 7핀|완속|4|(주)파워큐브코리아|,0,4,없음
부산광역시,사하구,,하단동,A10020688,하단지오피아,주상복합,부산광역시 사하구 하단동 520-1 하단지오피아,,,분양,20061124,20250416,1,114,114,0,0,0,자치관리,개별난방,계단식,(주)용문종합건설,삼부재건축조합 외 1, ,,자치관리,3,,,,자치관리,3,,,관리방식미정,,,-,철근콘크리트구조,,,,,,관리방식미정,2,0,0,0,0,0,0,,,,,,,,,가능,부산광역시 사하구 낙동남로1357번길 46(하단동),512916900,512930330,,15,,1,,,,,,,,,,,,,,,,없음
부산광역시,사하구,,하단동,A60402002,하단청구아파트,아파트,부산광역시 사하구 하단동 717-1 하단청구아파트,49324,부산광역시 사하구 낙동대로520번길 14,분양,19990213,20090511,2,448,448,0,0,0,자치관리,개별난방,계단식,(주)청구,(주)항도건설, ,,자치관리,4,자치관리,4,,자치관리,4,,음식물쓰레기종량제,위탁관리,,4,"도포식,분무식",철근콘크리트구조,950,단일계약,위탁선임,P형,부스타방식,위탁관리,11,0,0,0,0,0,433,247,186,68,무,정문,무,,,가능,부산시 사하구 낙동대로520번길 14,512910998,512930968,"관리사무소, 노인정, 어린이놀이터, 자전거보관소",25,25,1,433,5,미설치,설치,0,5,,입주민전용,,24시 0분,,24시 0분,◆1◆|지하|벽부형충전기|AC3상 7핀|완속|9|(주)이지차저|,0,9,있음
부산광역시,사하구,,하단동,A60474905,한신혜성아파트,아파트,부산광역시 사하구 하단동 277-2 한신혜성아파트,49415,부산광역시 사하구 동매로 120,분양,19960507,20090511,4,533,533,0,0,0,자치관리,개별난방,혼합식,한신공영(주),혜성개발, ,,자치관리,5,위탁관리,4,(주)한특,위탁관리,5,(주)한특,음식물쓰레기종량제,위탁관리,백양환경시스템,6,"분무식,기구부착식,독이식",철근콘크리트구조,500,단일계약,위탁선임,P형,부스타방식,위탁관리,0,0,11,0,0,0,354,129,225,68,무,정문,무,,,가능,부산광역시 사하구 동매로 120,512039882,512039858,"관리사무소, 노인정, 어린이놀이터, 휴게시설, 자전거보관소",25,25,0,469,4,미설치,설치,0,5,,입주민전용,시 분,0시 0분,시 분,23시 59분,◆1◆|지하|벽부형충전기|AC단상 5핀|완속|5|파워큐브코리아|,0,5,없음
부산광역시,사하구,,하단동,A10021191,헤리츠리더스하단,주상복합,부산광역시 사하구 하단동 618-1 헤리츠리더스하단,,,분양,20211209,20241205,1,142,142,0,0,0,위탁관리,개별난방,복도식,석홍종합건설(주),교보자산신탁주식회사, ,,위탁관리,1,위탁관리,,우리티에스,위탁관리,1,우리티에스,음식물쓰레기종량제,관리방식미정,,,-,철골철근콘크리트구조,950,단일계약,위탁선임,기타,압력탱크식,위탁관리,0,0,0,4,0,0,138,120,18,24,유,정문,유,부,,가능,부산광역시 사하구 하단동 618-1,516217333,517817334,"관리사무소, 주민공동시설, 휴게시설, 커뮤니티공간, 자전거보관소, 기타",27,,2,119,0,미설치,미설치,0,0,,,,,,,,,,없음
부산광역시,사하구,,신평동,A10027236,사하뷰웰아파트,아파트,부산광역시 사하구 신평동 669 사하뷰웰아파트,49418,부산광역시 사하구 신산북로 43,분양,20161202,20170104,13,900,900,0,0,0,위탁관리,개별난방,계단식,동광건설,LH,(주)하나종합관리,6088146774,위탁관리,8,위탁관리,6,(주)장천,위탁관리,10,(주)장천,음식물쓰레기종량제,위탁관리,(주)고려그린,3,"도포식,분무식",철근콘크리트구조,4200,단일계약,상주선임,R형,부스타방식,위탁관리,28,0,0,0,0,0,957,171,786,195,유,정문,유,부,긴급자동차가 출입가능하도록 사전에 차량번호를 출입가능차량명부에 등록하는 경우,가능,부산시 사하구 신산북로 43번길 59,512948601,512948603,"관리사무소, 노인정, 보육시설, 문고, 주민공동시설, 어린이놀이터, 휴게시설, 커뮤니티공간, 자전거보관소",22,22,2,1194,15,설치,설치,6,20,입주민전용,입주민전용,0시 0분,0시 0분,23시 59분,23시 59분,"◆1◆|지상|스탠드형충전기|AC단상 5핀|완속|6|현대엔지니어링|,◆2◆|지하|벽부형충전기|AC단상 5핀|완속|8|현대엔지니어링|,◆3◆|지하|벽부형충전기|AC단상 5핀|완속|12|GS커넥트 주식회사|",6,20,없음
부산광역시,사하구,,신평동,A10023928,사하코오롱하늘채아파트,아파트,부산광역시 사하구 신평동 674 사하코오롱하늘채아파트,49420,부산광역시 사하구 신산북로 41,분양,20211231,20220221,11,969,969,0,0,0,위탁관리,개별난방,계단식,(주)코오롱글로벌,신평지역주택조합,(주)케이비아주,2098134445,위탁관리,10,위탁관리,6,에스케이쉴더스 주식회사,위탁관리,11,조은관리,음식물쓰레기종량제,위탁관리,구구방역,4,분무식,철근콘크리트구조,5882,종합계약,상주선임,GR형,부스타방식,위탁관리,30,0,0,0,0,0,1042,0,1042,254,유,정문,유,여,,가능,부산시 사하구 신산북로 41,512949111,512949110,"관리사무소, 노인정, 보육시설, 문고, 주민공동시설, 어린이놀이터, 휴게시설, 유치원, 커뮤니티공간, 자전거보관소",29,29,3,1144,22,미설치,설치,0,21,,입주민전용,시 분,0시 0분,시 분,23시 0분,◆1◆|지하|벽부형충전기|AC단상 5핀|완속|21|GS커넥트|,0,21,없음
부산광역시,사하구,,신평동,A60475903,신익강변타운아파트,아파트,부산광역시 사하구 신평동 408 신익강변타운아파트,49419,부산광역시 사하구 하신중앙로 180,분양,19920325,20090511,8,937,937,0,0,0,위탁관리,개별난방,혼합식,현대건설,신익개발(주),(주)하나종합관리,6088146774,위탁관리,6,위탁관리,8,(주)경동기업,위탁관리,8,(주)경동기업,음식물쓰레기종량제,위탁관리,(주)블루샘,4,"분무식,기구부착식",철근콘크리트구조,2200,단일계약,상주선임,R형,부스타방식,위탁관리,29,0,0,0,0,0,501,323,178,128,유,정문,무,,,가능,부산광역시 사하구 하신중앙로 180,512923068,512056555,"관리사무소, 노인정, 주민공동시설, 어린이놀이터, 휴게시설, 유치원",15,15,1,967,10,설치,설치,1,9,,,,0시 0분,,23시 59분,"◆1◆|지하|벽부형충전기|AC단상 5핀|완속|9|(주)에버온인프라|,◆2◆|지상|벽부형충전기|AC단상 5핀|완속|1|(주)에버온인프라|",1,9,없음
부산광역시,사하구,,신평동,A60403002,신평럭키무지개타운아파트,아파트,"부산광역시 사하구 신평동 206-1,부산광역시 사하구 신평동 206-5 신평럭키무지개타운아파트",49418,부산광역시 사하구 신산북로43번길 43,분양,19900725,20090511,4,505,505,0,0,0,자치관리,개별난방,혼합식,(주)부원,(주)부원, ,,자치관리,5,위탁관리,4,태영개발(주),위탁관리,4,태영개발(주),거점장비수거방식,위탁관리,킴스ENC,3,분무식,철근콘크리트구조,1250,단일계약,상주선임,P형,고가수조식,위탁관리(직영+위탁),14,0,0,0,0,0,400,400,0,55,무,정문,무,,,가능,부산시 사하구 신산북로43번길 43,512065919,512050199,"관리사무소, 노인정, 어린이놀이터",15,15,0,486,5,설치,미설치,8,0,,,24시 0분,,24시 0분,,◆1◆|지상|스탠드형충전기|AC단상 5핀|완속|8|홈앤서비스 SK브로|,8,0,없음
부산광역시,사하구,,신평동,A60483203,신평삼익아파트,아파트,부산광역시 사하구 신평동 7 신평삼익아파트,49418,부산광역시 사하구 장평로 311,분양,19890530,20090511,7,312,312,0,0,0,자치관리,개별난방,계단식,주)삼익주택,(주)동아주택건설, ,,자치관리,3,자치관리,3,,자치관리,2,,차량수거방식,자치관리,,4,분무식,철근콘크리트구조,0,단일계약,위탁선임,P형,고가수조식,,0,0,0,0,0,0,174,174,0,16,무,정문,무,,,가능,부산시사하구장평로311,512014690,512014690,"관리사무소, 노인정, 어린이놀이터",6,6,1,0,0,미설치,미설치,0,0,,,시 분,시 분,시 분,시 분,,,,없음
부산광역시,사하구,,신평동,A60483402,신평삼창강변아파트,아파트,부산광역시 사하구 신평동 437 신평삼창강변아파트,49422,부산광역시 사하구 비봉로 37,분양,19980114,20090511,2,297,297,0,0,0,위탁관리,개별난방,계단식,삼창종합건설(주),삼창,(주)에이비씨서비스,3728600893,위탁관리,3,위탁관리,3,에이비씨서비스,위탁관리,2,에이비씨서비스,기타,자치관리,,2,분무식,철근콘크리트구조,982,단일계약,위탁선임,R형,고가수조식,위탁관리,7,0,0,0,0,0,301,104,197,43,무,정문,무,,,가능,부산시 사하구 비봉로 37 (신평동),512064323,512064324,"관리사무소, 노인정, 어린이놀이터, 자전거보관소",22,22,1,339,3,미설치,미설치,0,0,,,시 분,시 분,시 분,시 분,,,,없음
부산광역시,사하구,,신평동,A10027330,신평삼한사랑채아파트,아파트,부산광역시 사하구 신평동 668 신평삼한사랑채아파트,49420,부산광역시 사하구 신산북로 5,분양,20161014,20161110,5,298,298,0,0,0,위탁관리,개별난방,계단식,삼한주택,삼한주택,(주)에이비씨서비스,3728600893,위탁관리,4,위탁관리,2,(주)에이비씨서비스,위탁관리,3,에이비씨서비스,거점장비수거방식,자치관리(직영),,3,분무식,철근콘크리트구조,1250,종합계약,상주선임,P형,부스타방식,위탁관리,6,0,0,0,0,0,318,6,312,61,유,지하주차장,유,부,긴급자동차가 출입가능하도록 사전에 차량번호를 출입가능차량명부에 등록하는 경우,가능,부산광역시 사하구 신산북로 5,512082920,512082921,"관리사무소, 노인정, 어린이놀이터, 휴게시설, 자전거보관소",25,25,2,402,4,설치,설치,6,2,입주민전용,입주민전용,0시 0분,0시 0분,23시 59분,23시 59분,"◆1◆|지하|벽부형충전기|AC단상 5핀|완속|2|해피차ㅈ저|,◆2◆|지상|스탠드형충전기|AC단상 5핀|완속|||",0,2,있음
부산광역시,사하구,,신평동,A60472701,신평한성기린아파트,아파트,부산광역시 사하구 신평동 100 신평한성기린아파트,49393,부산광역시 사하구 다대로 109,분양,19930618,20110420,2,282,282,0,0,0,자치관리,개별난방,계단식,한성기린건설,한성기린건설, ,,자치관리,2,위탁관리,2,삼성보안공사,위탁관리,2,,차량수거방식,자치관리,,3,분무식,철근콘크리트구조,289,단일계약,위탁선임,P형,부스타방식,위탁관리,10,0,0,0,0,0,214,153,61,39,무,정문,무,,,가능,부산광역시 사하구 다대로 109,512087434,512087434,"관리사무소, 노인정, 어린이놀이터",15,15,1,252,1,미설치,미설치,0,0,입주민전용,입주민전용,시 분,시 분,시 분,시 분,,,,없음
부산광역시,사하구,,신평동,A60483404,신평한신아파트,아파트,부산광역시 사하구 신평동 425 신평한신아파트,49419,부산광역시 사하구 비봉로 42,분양,19931214,20090511,6,937,937,0,0,0,위탁관리,개별난방,계단식,한신공영(주),신익개발(주),(주)명건,6078135065,위탁관리,6,위탁관리,7,(주)비엔에이서비스,위탁관리,7,(주)비엔에이서비스,음식물쓰레기종량제,위탁관리,주식회사태창환경,4,분무식,철근콘크리트구조,1260,단일계약,상주선임,R형,고가수조식,위탁관리,0,0,21,0,0,0,739,316,423,115,무,정문,무,,,가능,부산시 사하구 비봉로42 신평한신아파트 관리사무소,512924015,512073745,"관리사무소, 노인정, 어린이놀이터, 자전거보관소",25,25,4,1088,10,설치,미설치,20,0,입주민전용,외부인허용,0시 0분,,23시 59분,,◆1◆|지상|스탠드형충전기|AC단상 5핀|완속|20|차지비|,20,0,없음
부산광역시,사하구,,신평동,A60476805,신평현대아파트,아파트,부산광역시 사하구 신평동 400 신평현대아파트,49419,부산광역시 사하구 하신중앙로 170,분양,19941217,20090511,4,992,992,0,0,0,위탁관리,개별난방,계단식,현대산업개발,교직원 조합,(주)삼성T.M.S,6078138188,위탁관리,7,위탁관리,9,(주)경동기업,위탁관리,6,(주)경동기업,음식물쓰레기종량제,위탁관리,,5,분무식,철근콘크리트구조,3250,단일계약,상주선임,R형,부스타방식,위탁관리,23,0,0,0,0,0,877,606,271,115,무,정문,무,,,가능,부산광역시 사하구 하신중앙로 170,512932611,512932612,"관리사무소, 노인정, 보육시설, 어린이놀이터, 유치원, 자전거보관소",25,25,1,1089,3,미설치,설치,0,26,,,시 분,,시 분,,◆1◆|지하|벽부형충전기|AC단상 5핀|완속|||,0,,없음
부산광역시,사하구,,신평동,A60403003,신평협성엠파이어,아파트,부산광역시 사하구 신평동 11-6 신평협성엠파이어,49418,부산광역시 사하구 장평로 339,분양,20120319,20130307,4,256,256,0,0,0,위탁관리,개별난방,계단식,(주)협성건설,(주)협성건설,(주)우림종합관리,6058121565,위탁관리,4,관리방식미정,0,,위탁관리,2,명가종합관리,음식물쓰레기종량제,자치관리,,4,"분무식,기구부착식",철근콘크리트구조,1750,단일계약,상주선임,R형,부스타방식,위탁관리,11,0,0,0,0,0,280,61,219,80,유,정문,유,여,,가능,49510,512942477,512942478,"관리사무소, 노인정, 어린이놀이터, 자전거보관소",15,15,2,5,5,미설치,설치,0,5,,외부인허용,시 분,1시 0분,시 분,1시 0분,◆1◆|지하|벽부형충전기|DC콤보 7핀|완속|5|파워큐브코리아|,0,5,없음
부산광역시,사하구,,신평동,A60483401,원우강변아파트,아파트,부산광역시 사하구 신평동 414-10 원우강변아파트,49422,부산광역시 사하구 비봉로 29,분양,20010607,20090511,3,276,276,0,0,0,위탁관리,개별난방,계단식,신평원우아파트,ㅁ,(주)HM우성,6058147662,위탁관리,3,위탁관리,3,태영개발주식회사,위탁관리,2,태영개발,음식물쓰레기종량제,자치관리,,5,도포식,철근콘크리트구조,927,단일계약,위탁선임,R형,고가수조식,위탁관리,6,0,0,0,0,0,276,120,156,46,무,정문,무,,,가능,49422,512085514,512085513,"관리사무소, 어린이놀이터, 휴게시설",23,23,1,0,0,미설치,설치,0,9,,입주민전용,시 분,0시 0분,시 분,23시 0분,◆1◆|지하|벽부형충전기|AC단상 5핀|완속|9|sk브로드밴드|,0,9,없음
부산광역시,사하구,,신평동,A60472602,한성임호아파트,아파트,부산광역시 사하구 신평동 100 한성임호아파트,49393,부산광역시 사하구 다대로 109,분양,19930618,20090511,2,217,217,0,0,0,위탁관리,개별난방,계단식,서호건설,임호주택,(주)주우관리,6058113949,위탁관리,2,위탁관리,2,삼성보안공사,위탁관리,2,삼성보안공사,차량수거방식,자치관리,,4,분무식,철근콘크리트구조,134,단일계약,위탁선임,P형,부스타방식,위탁관리,8,0,0,0,0,0,160,160,0,36,무,정문,무,,,가능,부산사하구 다대로 109,512029571,512029570,"관리사무소, 노인정, 어린이놀이터",15,15,1,224,4,설치,미설치,4,0,입주민전용,,0시 0분,,23시 59분,,◆1◆|지상|스탠드형충전기|AC단상 5핀|완속|4|엘지유플러스|,4,0,없음
부산광역시,사하구,,신평동,A60483201,한솔베스파트아파트,주상복합,부산광역시 사하구 신평동 84-9 한솔베스파트아파트,49442,부산광역시 사하구 신산로 187,분양,20010327,20090511,1,176,176,0,0,0,위탁관리,개별난방,계단식,대한주택보증,장백건설,(주)에이비씨서비스,3728600893,위탁관리,1,위탁관리,2,(주)주우관리,위탁관리,2,,차량수거방식,관리방식미정,,,-,철근콘크리트구조,650,단일계약,위탁선임,P형,고가수조식,위탁관리,5,0,0,0,0,0,155,52,103,37,무,정문,무,,,가능,부산시 사하구 신산로187,512927556,519977556,"관리사무소, 노인정, 어린이놀이터, 자전거보관소",25,25,2,165,1,미설치,설치,0,4,,입주민전용,시 분,0시 0분,시 분,23시 59분,◆1◆|지하|벽부형충전기|AC단상 5핀|완속|4|GS커넥티드|,0,4,없음
부산광역시,사하구,,장림동,A10022280,두산위브더센트럴사하,아파트,부산광역시 사하구 장림동 1154- 두산위브더센트럴사하,,,분양,20240926,20241011,13,1643,1643,0,0,0,위탁관리,개별난방,계단식,두산건설(주),장림1구역주택재개발정비사업조합,(주)썬앤문,6028141335,위탁관리,12,위탁관리,,(주)썬앤문,위탁관리,16,(주)썬앤문,음식물쓰레기종량제,관리방식미정,,,-,철근콘크리트구조,6500,종합계약,상주선임,GR형,부스타방식,관리방식미정,34,0,0,0,0,0,2020,0,2020,497,유,정문,유,부,,가능,부산광역시 사하구 장림로 199,512635888,512636888,"관리사무소, 노인정, 보육시설, 주민공동시설, 어린이놀이터, 휴게시설, 커뮤니티공간, 자전거보관소",35,,2,1643,20,미설치,설치,0,12,,입주민전용,시 분,0시 0분,시 분,24시 0분,"◆1◆|지하|스탠드형충전기|직접입력|완속|10|코스텔(주)|,◆2◆|지하|스탠드형충전기|직접입력|급속|2|코스텔(주)|",0,12,없음
부산광역시,사하구,,장림동,A60404202,로얄베스토피아아파트,아파트,부산광역시 사하구 장림동 185-29 로얄베스토피아아파트,49458,부산광역시 사하구 다대로227번길 45,분양,19930728,20090511,2,187,187,0,0,0,위탁관리,개별난방,계단식,로얄건설,로얄건설,삼성티엠에스,6078138188,위탁관리,2,위탁관리,2,삼성티엠에스,위탁관리,2,삼성티엠에스,차량수거방식,자치관리,,1,분무식,철근콘크리트구조,200,단일계약,위탁선임,P형,고가수조식,위탁관리,6,0,0,0,0,0,140,114,26,24,무,정문,무,,,가능,부산시 사하구 장림2동 185-29,512639146,512639146,"관리사무소, 노인정, 어린이놀이터",15,15,2,186,7,미설치,설치,0,3,,입주민전용,,0시 0분,,23시 59분,◆1◆|지하|벽부형충전기|AC단상 5핀|완속|3|이지차지|,0,3,없음
부산광역시,사하구,,장림동,A60484612,벽산아파트,아파트,부산광역시 사하구 장림동 532 벽산아파트,49491,부산광역시 사하구 장평로41번길 19,분양,19920909,20090511,3,450,450,0,0,0,자치관리,개별난방,계단식,벽산건설,마마주택, ,,자치관리,3,자치관리,4,,자치관리,3,,음식물쓰레기종량제,위탁관리,부일환경,6,분무식,철근콘크리트구조,1110,단일계약,위탁선임,R형,고가수조식,위탁관리,12,0,0,0,0,0,234,234,0,46,무,정문,무,,,가능,부산사하구장평로41번길19,512646629,512646627,"관리사무소, 노인정, 어린이놀이터",15,15,1,234,5,설치,미설치,5,0,입주민전용,,0시 59분,,0시 59분,,◆1◆|지상|벽부형충전기|AC단상 5핀|완속|5|홈앤서비스|,5,0,없음
부산광역시,사하구,,장림동,A10025499,사하 리버팰리스 주상복합,주상복합,부산광역시 사하구 장림동 435 사하 리버팰리스 주상복합,49469,부산광역시 사하구 다대로 328,분양,20190517,20190529,2,154,154,0,0,0,위탁관리,개별난방,계단식,동양종합건설(주),(주) 디앤와이,(주)하나티엠,6058124811,위탁관리,2,위탁관리(직영+위탁),2,,위탁관리,1,,음식물쓰레기종량제,,,,-,철근콘크리트구조,1395,종합계약,위탁선임,R형,부스타방식,위탁관리,4,0,0,0,0,0,172,0,172,44,무,주차장,유,여,,가능,부산시 사하구 다대로328 (장림동 435 번지),512657088,512637088,"관리사무소, 주민공동시설, 자전거보관소",28,28,4,172,1,미설치,설치,0,4,,,,0시 0분,,23시 59분,◆1◆|지하|벽부형충전기|AC단상 5핀|완속|4|코스텔|,0,4,없음
부산광역시,사하구,,장림동,A10025997,사하 장림역스마트W아파트,아파트,부산광역시 사하구 장림동 1151 사하 장림역스마트W아파트,49465,부산광역시 사하구 장림번영로104번길 10,분양,20181011,20181023,3,494,494,0,0,0,위탁관리,개별난방,혼합식,경성리츠,(주)경성리츠,(주)재덕,3408100611,위탁관리,5,위탁관리,2,(주)재덕,위탁관리,4,(주)재덕,음식물쓰레기종량제,위탁관리,구구환경,5,분무식,철골철근콘크리트구조,2600,종합계약,상주선임,R형,부스타방식,위탁관리,5,0,0,0,0,0,449,15,434,91,유,지상주차장,유,여,,가능,부산시 사하구 장림번영로 104번길 10,517153060,517153070,"관리사무소, 노인정, 보육시설, 문고, 주민공동시설, 어린이놀이터, 커뮤니티공간, 자전거보관소",20,20,4,608,10,미설치,설치,0,8,,,시 분,1시 1분,시 분,12시 59분,◆1◆|지하|벽부형충전기|직접입력|완속|8|모름|,0,8,없음
부산광역시,사하구,,장림동,A60477509,윌더하임아파트,아파트,부산광역시 사하구 장림동 599-27 윌더하임아파트,49483,부산광역시 사하구 장평로 119,분양,20051115,20090511,4,392,392,0,0,0,위탁관리,개별난방,계단식,0,0,(주)하나종합관리,6088146774,위탁관리,4,위탁관리,4,비앤에이서비스,위탁관리,3,비앤에이서비스,음식물쓰레기종량제,위탁관리,,4,"도포식,분무식",철근콘크리트구조,1185,단일계약,위탁선임,R형,부스타방식,위탁관리,9,0,0,0,0,0,398,126,272,45,무,정문,무,,,가능,부산 사하구 장평로 119  윌더하임아파트 관리사무소,512621917,512621918,"관리사무소, 노인정, 주민공동시설, 어린이놀이터, 자전거보관소",28,28,0,445,10,미설치,설치,0,10,,,시 분,0시 0분,시 분,0시 0분,◆1◆|지상|스탠드형충전기|AC단상 5핀|완속|10|플러그링크|,10,0,없음
부산광역시,사하구,,장림동,A60476911,장림강남아파트,아파트,부산광역시 사하구 장림동 566-7 장림강남아파트,49483,부산광역시 사하구 장평로41번길 61,분양,19920630,20090511,5,447,447,0,0,0,자치관리,개별난방,계단식,강남건영,강남건영, ,,자치관리,3,자치관리,5,,자치관리,5,,음식물쓰레기종량제,위탁관리(직영+위탁),,4,분무식,철근콘크리트구조,225,단일계약,위탁선임,P형,부스타방식,위탁관리,15,0,0,0,0,0,294,267,27,61,무,정문,무,,,가능,부산광역시 사하구 장평로41번길 61,512629493,512662853,"관리사무소, 노인정, 어린이놀이터, 휴게시설",15,15,1,460,2,미설치,미설치,0,0,,,시 분,시 분,시 분,시 분,,,,없음
부산광역시,사하구,,장림동,A60470305,장림경동메르빌,아파트,부산광역시 사하구 장림동 2 장림경동메르빌,49511,부산광역시 사하구 다대로277번길 124,분양,20021122,20090511,1,261,261,0,0,0,위탁관리,개별난방,계단식,경동건설,경동건설,(주)하나종합관리,6088146774,위탁관리,2,위탁관리,2,주)하나종합관리,위탁관리,2,,음식물쓰레기종량제,위탁관리,,4,도포식,철근콘크리트구조,650,단일계약,위탁선임,GR형,부스타방식,위탁관리,7,0,0,0,0,0,193,78,115,42,무,정문,무,,,가능,부산광역시 사하구 다대로277번길 124,512661360,512661409,"관리사무소, 노인정, 어린이놀이터, 휴게시설, 자전거보관소",20,20,2,254,10,설치,미설치,6,3,입주민전용,입주민전용,0시 1분,시 분,23시 59분,시 분,◆1◆|지상|벽부형충전기|직접입력|완속|9|파워큐브코리아|,9,0,없음
부산광역시,사하구,,장림동,A60484607,장림국제마마아파트,아파트,부산광역시 사하구 장림동 566-12 장림국제마마아파트,49491,부산광역시 사하구 장평로41번길 51,분양,19930906,20090511,1,288,288,0,0,0,위탁관리,개별난방,혼합식,국제종합건설(주),(주)마마주택,주식회사 바른기업,1038801849,위탁관리,2,위탁관리,2,(주)바른기업,위탁관리,2,,음식물쓰레기종량제,자치관리,,4,"분무식,독이식",철근콘크리트구조,214,기타,위탁선임,P형,부스타방식,위탁관리,6,0,0,0,0,0,139,119,20,38,무,지상주차장,무,,,가능,부산 사하구 장평로41번길 51 (장림국제마마아파트),512631771,512631750,"관리사무소, 노인정, 어린이놀이터",15,15,0,250,3,설치,미설치,3,0,입주민전용,,0시 0분,,23시 59분,,◆1◆|지상|스탠드형충전기|AC단상 5핀|완속|3|GS차지비|,3,0,있음
부산광역시,사하구,,장림동,A60477013,장림극동정림아파트,아파트,부산광역시 사하구 장림동 426 장림극동정림아파트,49511,부산광역시 사하구 다대로 339,분양,19951220,20090511,1,472,472,0,0,0,자치관리,개별난방,혼합식,극동건설,정림주택, ,,자치관리,3,자치관리,6,,자치관리,3,,거점장비수거방식,위탁관리,,3,분무식,철근콘크리트구조,1400,단일계약,위탁선임,P형,부스타방식,위탁관리,8,0,0,0,0,0,355,77,278,54,무,정문,무,,,가능,부산시 사하구 다대로339 극동정림관리사무소,512631669,512659544,"관리사무소, 노인정, 어린이놀이터",25,25,0,440,3,설치,설치,1,6,입주민전용,입주민전용,23시 59분,23시 59분,23시 59분,23시 59분,"◆1◆|지상|벽부형충전기|직접입력|완속|1|파워큐브코리아|,◆2◆|지하|벽부형충전기|직접입력|완속|6|파워큐브코리아|",1,6,없음
부산광역시,사하구,,장림동,A10026102,장림나산리버빌아파트,아파트,부산광역시 사하구 장림동 321-28 장림나산리버빌아파트,49475,부산광역시 사하구 장림번영로 53,분양,20080310,20180828,1,128,128,0,0,0,위탁관리,개별난방,계단식,나산건설,나산건설,조은관리시스템 주식회사,8328701902,위탁관리,1,위탁관리,2,(주)조은관리시스템,위탁관리,1,,차량수거방식,위탁관리,,4,분무식,철근콘크리트구조,740,종합계약,상주선임,P형,부스타방식,위탁관리,4,0,0,0,0,0,153,23,130,32,무,지상주차장,무,,,가능,부산광역시 사하구 장림번영로53(장림동),512612075,512612075,관리사무소,18,18,3,153,0,미설치,설치,23,130,,입주민전용,,0시 0분,,23시 59분,◆1◆|지하|벽부형충전기|AC단상 5핀|완속|3|GS차지비(주)|,0,3,없음
부산광역시,사하구,,장림동,A10021074,장림동 협진태양아파트,아파트,부산광역시 사하구 장림동 65- 장림동 협진태양아파트,,,분양,19890502,20241219,4,148,148,0,0,0,자치관리,개별난방,계단식,협진주택,협진주택, ,,자치관리,,,,,,,,,,,,-,,,,,,,,,,,,,,0,,,,,,,,,가능,부산사하구 장림2동 두송로32 협진태양아파트 관리실,512635005,512655955,,1,,1,,,,,,,,,,,,,,,,없음
부산광역시,사하구,,장림동,A60474410,장림동원3차아파트,아파트,부산광역시 사하구 장림동 185-1 장림동원3차아파트,49458,부산광역시 사하구 다대로227번길 37,분양,19991020,20090511,2,402,402,0,0,0,위탁관리,개별난방,혼합식,동원주택(주),(주)세진종합건설,(주)에이치엠 우성,6058147662,위탁관리,4,위탁관리,4,(주)디이씨오,위탁관리,2,(주)디이씨오,음식물쓰레기종량제,위탁관리,(주)푸른환경시스템,5,분무식,철근콘크리트구조,1040,단일계약,위탁선임,R형,고가수조식,위탁관리,0,0,0,0,8,0,325,116,209,57,무,정문,무,,,가능,부산시 사하구 다대로 227번길 37,512667939,512627939,"관리사무소, 노인정, 주민공동시설, 어린이놀이터",24,24,0,0,0,미설치,미설치,0,0,,,시 분,시 분,시 분,시 분,,,,없음
부산광역시,사하구,,장림동,A60474002,장림동원로얄듀크,아파트,부산광역시 사하구 장림동 875 장림동원로얄듀크,49481,부산광역시 사하구 하신중앙로 2,분양,20050104,20090511,18,1973,1973,0,0,0,위탁관리,개별난방,계단식,(주)동원개발,(주)동원개발,(주)HM우성,6058147662,위탁관리,14,위탁관리,17,조은관리시스템(주),위탁관리,14,조은관리시스템(주),음식물쓰레기종량제,위탁관리,고려그린산업,3,분무식,철근콘크리트구조,5800,단일계약,상주선임,R형,부스타방식,위탁관리,41,0,0,0,0,0,1989,446,1543,359,무,정문,무,,,가능,부산광역시 사하구 하신중앙로2,512649720,519619724,"관리사무소, 노인정, 보육시설, 문고, 주민공동시설, 어린이놀이터, 휴게시설, 유치원, 커뮤니티공간, 자전거보관소",25,25,3,2400,3,미설치,설치,0,40,,입주민전용,시 분,0시 0분,시 분,23시 59분,◆1◆|지하|벽부형충전기|AC단상 5핀|완속|40|(주)파워큐브코리아|,0,40,없음
부산광역시,사하구,,장림동,A60484003,장림동원타워아파트,아파트,부산광역시 사하구 장림동 25 장림동원타워아파트,49511,부산광역시 사하구 다대로277번길 56,분양,19931118,20090511,2,216,216,0,0,0,위탁관리,개별난방,계단식,(주)동원개발,(주)동원개발,(주)로이안H&F,1078551976,위탁관리,2,위탁관리,2,(주)삼성보안공사,위탁관리,2,(주)삼성보안공사,음식물쓰레기종량제,위탁관리,킴스ENC,3,분무식,철근콘크리트구조,384,기타,위탁선임,기타,고가수조식,위탁관리,8,0,0,0,0,0,147,74,73,42,무,정문,무,,,가능,부산 사하구 다대로 277번길56,512641606,512642882,"관리사무소, 노인정, 어린이놀이터",21,21,0,200,1,미설치,미설치,,0,,,시 분,시 분,시 분,시 분,,,,없음
부산광역시,사하구,,장림동,A60477608,장림삼경,아파트,부산광역시 사하구 장림동 60-20 장림삼경,49510,부산광역시 사하구 다대로277번길 141,분양,19930403,20090511,3,298,298,0,0,0,자치관리,개별난방,계단식,삼경건설,삼경건설, ,,자치관리,2,자치관리,4,자치관리,자치관리,2,,음식물쓰레기종량제,위탁관리,,1,분무식,철근콘크리트구조,203,기타,위탁선임,P형,고가수조식,위탁관리,12,0,0,0,0,0,143,83,60,24,무,지상주차장,무,,,가능,부산시 사하구 다대로 277번길 141,512649872,519939872,"관리사무소, 노인정, 어린이놀이터",15,15,1,238,1,미설치,미설치,0,0,,,,,,,,,,없음
부산광역시,사하구,,장림동,A60474516,장림신세대지큐빌아파트,아파트,부산광역시 사하구 장림동 16 장림신세대지큐빌아파트,49510,부산광역시 사하구 다대로277번길 85,분양,20030424,20090511,7,990,990,0,0,0,위탁관리,개별난방,혼합식,신세대건설 주식회사,신세대건설 주식회사,(주)디이씨오,6048134470,위탁관리,7,위탁관리(직영+위탁),6,(주)삼성티엠에스,위탁관리(직영+위탁),8,,음식물쓰레기종량제,위탁관리,,4,분무식,철근콘크리트구조,2500,단일계약,상주선임,GR형,고가수조식,위탁관리,18,0,0,0,0,0,700,301,399,90,무,정문,무,,,가능,부산광역시 사하구 다대로 277번길 85번지,512655092,512655091,"관리사무소, 노인정, 보육시설, 주민공동시설, 어린이놀이터, 기타",25,25,0,915,8,미설치,설치,0,14,,,,0시 1분,,23시 59분,◆1◆|지하|벽부형충전기|직접입력|완속|14|(주)이지차저|,0,14,있음
부산광역시,사하구,,장림동,A60477206,장림신우림아파트,아파트,부산광역시 사하구 장림동 84-1 장림신우림아파트,49458,부산광역시 사하구 다대로227번길 15,분양,20011208,20090511,2,298,298,0,0,0,자치관리,개별난방,혼합식,우림건설,우림건설, ,,자치관리,3,자치관리,4,,자치관리,2,,음식물쓰레기종량제,위탁관리,,4,분무식,철근콘크리트구조,507,기타,위탁선임,P형,고가수조식,위탁관리,10,0,0,0,0,0,257,205,52,16,무,정문,무,,,가능,부산시 사하구 다대로 227번길 15,512652890,512642890,"관리사무소, 노인정, 어린이놀이터",15,15,1,320,0,미설치,설치,0,3,,입주민전용,시 분,0시 0분,시 분,0시 0분,◆1◆|지하|스탠드형충전기|직접입력|완속|3|파워큐브코리아|,0,3,없음
부산광역시,사하구,,장림동,A10024859,장림역 베스티움2차,주상복합,부산광역시 사하구 장림동 1153 장림역 베스티움2차,49465,부산광역시 사하구 장림번영로 76,분양,20200604,20200617,3,221,221,0,0,0,위탁관리,개별난방,계단식,(주)동부토건,(주)피에이에스브로,(주)에이치엠 우성,6058147662,위탁관리,4,위탁관리,2,(주)에이치엠 우성,위탁관리,3,(주)에이치엠 우성,음식물쓰레기종량제,위탁관리,우주종합환경,5,-,철근콘크리트구조,2150,단일계약,상주선임,R형,부스타방식,위탁관리,8,0,0,0,0,0,229,76,153,80,유,정문,유,부,긴급자동차 운전자에게 출입가능한 카드(RFID) 또는 리모컨을 사전에 지급하는 경우,가능,부산광역시 사하구 장림번영로 76,512668061,512668063,"관리사무소, 노인정, 주민공동시설, 어린이놀이터, 자전거보관소",29,29,2,344,2,미설치,설치,0,7,,입주민전용,,0시 0분,,0시 0분,"◆1◆|지하|벽부형충전기|AC단상 5핀|완속|4|(주)이지차저|,◆2◆|지하|벽부형충전기|AC단상 5핀|완속|3|(주)에버온인프라|",0,7,없음
부산광역시,사하구,,장림동,A10026478,장림역사하베스티움아파트,아파트,부산광역시 사하구 장림동 340-8 장림역사하베스티움아파트,49465,부산광역시 사하구 장림번영로 96,분양,20171215,20180222,3,202,202,0,0,0,위탁관리,개별난방,혼합식,동부토건,동성이앤씨,남부건업(주),6098114386,위탁관리,3,위탁관리,2,(주)남부건업,위탁관리,2,(주)남부건업,거점장비수거방식,관리방식미정,,,-,철근콘크리트구조,1200,종합계약,상주선임,R형,부스타방식,위탁관리,5,0,0,0,0,0,209,24,185,88,유,정문,유,부,긴급자동차가 출입가능하도록 사전에 차량번호를 출입가능차량명부에 등록하는 경우,가능,부산광역시 사하구 장림번영로96,512620573,512620574,"관리사무소, 주민공동시설, 어린이놀이터, 자전거보관소",22,22,2,214,3,미설치,설치,0,5,,,,1시 1분,,24시 59분,"◆1◆|지하|벽부형충전기|직접입력|완속|3|휴맥스이브이|,◆2◆|지하|벽부형충전기|직접입력|완속|2|차지비|",0,5,없음
부산광역시,사하구,,장림동,A60484004,장림우림그린아파트,아파트,부산광역시 사하구 장림동 244-6 장림우림그린아파트,49458,부산광역시 사하구 두송로 25,분양,19920128,20090511,1,255,255,0,0,0,자치관리,개별난방,혼합식,우림건설,우림건설, ,,자치관리,2,자치관리,2,,자치관리,2,,거점장비수거방식,자치관리(직영),,2,분무식,철근콘크리트구조,345,단일계약,위탁선임,P형,고가수조식,위탁관리,6,0,0,0,0,0,166,132,34,36,무,정문,무,,,가능,부산광역시 사하구 두송로 25,512646349,512646349,"관리사무소, 노인정, 어린이놀이터",15,15,0,0,3,설치,미설치,0,0,입주민전용,,5시 30분,,10시 30분,,◆1◆|지상|스탠드형충전기|AC단상 5핀|완속|3|대영채비|,3,0,있음
부산광역시,사하구,,장림동,A10026369,장림지원시티파크,주상복합,부산광역시 사하구 장림동 333-2 장림지원시티파크,49482,부산광역시 사하구 장림번영로 50,분양,20150629,20180411,1,284,284,0,0,0,위탁관리,개별난방,복도식,서울조경건설,(주)지원홀딩스,주식회사 태원서비스,1118801442,위탁관리,3,위탁관리,2,(주)재덕,위탁관리,2,(주)재덕,차량수거방식,관리방식미정,,,-,철근콘크리트구조,1500,단일계약,상주선임,R형,부스타방식,위탁관리,3,0,0,0,0,0,248,0,248,30,무,정문,유,여,,가능,부산시 사하구 장림번영로 50,512658300,512629982,관리사무소,15,15,3,277,0,미설치,미설치,0,0,,,시 분,시 분,시 분,시 분,,,,없음
부산광역시,사하구,,장림동,A60484001,장림현대그린아파트,아파트,부산광역시 사하구 장림동 60-42 장림현대그린아파트,49458,부산광역시 사하구 두송로 47,분양,19950715,20090511,1,152,152,0,0,0,자치관리,개별난방,혼합식,현대산업개발주식회사,현대산업개발주식회사, ,,자치관리,2,자치관리(직영),2,,자치관리(직영),1,,차량수거방식,위탁관리,,2,분무식,철근콘크리트구조,507,단일계약,위탁선임,P형,고가수조식,위탁관리,3,0,0,0,0,0,110,22,88,27,무,정문,무,,,가능,부산광역시 사하구 두송로 47,512614470,512614470,"관리사무소, 노인정, 어린이놀이터, 자전거보관소",19,19,0,133,0,미설치,미설치,0,0,,,,,,,,,,없음
부산광역시,사하구,,장림동,A60477315,장림현대아파트,아파트,부산광역시 사하구 장림동 372-4 장림현대아파트,49511,부산광역시 사하구 다대로 301,분양,19891020,20090511,12,828,828,0,0,0,위탁관리,개별난방,계단식,현대건설,현대건설,(주)삼성T.M.S,6078138188,위탁관리,4,위탁관리,6,(주)목평인력개발,위탁관리,4,(주)목평,음식물쓰레기종량제,위탁관리,녹색환경,4,분무식,철근콘크리트구조,118,기타,위탁선임,P형,고가수조식,,0,0,0,0,0,0,618,618,0,36,무,정문,무,,,가능,부산시 사하구 다대로 301,512618350,512618351,"관리사무소, 노인정, 어린이놀이터, 유치원",6,6,0,600,6,설치,미설치,12,0,입주민전용,,24시 0분,시 분,24시 0분,시 분,◆1◆|지상|벽부형충전기|AC단상 5핀|완속|12|LGU+볼트업|,12,0,없음
부산광역시,사하구,,장림동,A10025062,장림현대타워아파트,아파트,부산광역시 사하구 장림동 506-5 장림현대타워아파트,49511,부산광역시 사하구 다대로 365,분양,19930331,20200206,3,118,118,0,0,0,자치관리,개별난방,계단식,고려산업개발,유진산업개발, ,,자치관리,1,자치관리,2,,자치관리,1,,차량수거방식,자치관리,,1,"도포식,분무식",철골콘크리트구조,825,단일계약,위탁선임,P형,압력탱크식,위탁관리,3,0,0,0,0,0,52,24,28,16,,,,,,가능,부산광역시 사하구 다대로365,512627879,512627876,"관리사무소, 노인정",21,21,2,,,,,,,,,,,,,,,,없음
부산광역시,사하구,,장림동,A60484514,장림협성르네상스타운,아파트,부산광역시 사하구 장림동 585-1 장림협성르네상스타운,49483,부산광역시 사하구 장평로 87,분양,20070511,20090511,6,650,650,0,0,0,위탁관리,개별난방,계단식,(주)협성종합건업,협성르네상스(주),(주)명건,6078135065,위탁관리,5,위탁관리,10,(주)명건,위탁관리,6,,음식물쓰레기종량제,위탁관리,(주)푸른환경시스템,4,분무식,철근콘크리트구조,2550,단일계약,상주선임,R형,부스타방식,위탁관리,19,0,0,0,0,0,726,186,540,85,무,정문,무,,,가능,부산시 사하구 장림2동 585-1,512630496,519006158,"관리사무소, 노인정, 주민공동시설, 어린이놀이터, 커뮤니티공간, 자전거보관소",25,25,0,726,12,미설치,설치,0,15,,입주민전용,,0시 0분,,0시 0분,◆1◆|지하|벽부형충전기|AC단상 5핀|완속|15|파워큐브코라아|,0,15,없음
부산광역시,사하구,,다대동,A60475309,3지구도개공아파트,아파트,"부산광역시 사하구 다대동 113-8,부산광역시 사하구 다대동 113-13 3지구도개공아파트",49490,부산광역시 사하구 다대로 430,임대,19891122,20090511,5,750,0,750,750,0,자치관리(직영),중앙난방,복도식,국제종합토건,부산도시공사, ,,자치관리(직영),7,위탁관리,5,(주)에스코아,위탁관리,5,(주)에스코아,음식물쓰레기종량제,위탁관리,,9,"도포식,분무식",철근콘크리트구조,950,단일계약,위탁선임,R형,부스타방식,위탁관리,5,0,0,0,0,0,131,131,0,26,무,정문,무,,,가능,부산시 사하구 다대로 440번길,512643282,512643345,"관리사무소, 자전거보관소",15,15,1,0,1,설치,미설치,3,0,외부인허용,,1시 0분,,1시 0분,,◆1◆|지상|스탠드형충전기|AC단상 5핀|완속|3|GS커넥트|,3,0,없음
부산광역시,사하구,,다대동,A60482712,5지구몰운대영구임대아파트,아파트,부산광역시 사하구 다대동 1548-11 5지구몰운대영구임대아파트,49504,부산광역시 사하구 다대낙조2길 13,임대,19961024,20090511,12,2107,0,2107,2107,0,자치관리,중앙난방,복도식,삼익건설,부산도시공사, ,,자치관리,15,위탁관리,20,(주)혜강종합관리,위탁관리,12,(주)혜강종합관리,음식물쓰레기종량제,위탁관리,엔가드부산극동산업,9,"도포식,분무식",철근콘크리트구조,3800,단일계약,상주선임,R형,고가수조식,위탁관리,28,0,0,0,0,0,560,560,0,134,무,정문,무,,,가능,부산광역시 사하구 다대낙조2길 50(다대동),512648910,512640800,"관리사무소, 노인정, 주민공동시설, 어린이놀이터",22,22,0,0,0,미설치,미설치,0,0,외부인허용,외부인허용,시 분,시 분,시 분,시 분,,,,없음
부산광역시,사하구,,다대동,A60475408,국제그린아파트,아파트,부산광역시 사하구 다대동 94-2 국제그린아파트,49513,부산광역시 사하구 다대로381번길 75,분양,19950501,20090511,7,996,996,0,0,0,위탁관리,개별난방,복도식,한국주택공사,한국주택공사,(주)삼성T.M.S,6078138188,위탁관리,6,위탁관리,8,삼성티엠에스,위탁관리,7,,음식물쓰레기종량제,위탁관리,,3,분무식,철근콘크리트구조,2800,단일계약,상주선임,P형,부스타방식,위탁관리,14,0,0,0,0,0,539,499,40,59,무,정문,무,,,가능,부산시 사하구 다대로 381번길 75,512644351,512644634,"관리사무소, 노인정, 어린이놀이터",25,25,1,625,7,설치,설치,10,2,입주민전용,입주민전용,0시 0분,0시 0분,24시 0분,24시 0분,"◆1◆|지하|벽부형충전기|AC단상 5핀|완속|2|(주)파워코리아|,◆2◆|지상|스탠드형충전기|AC단상 5핀|완속|10|(주)이노스|",10,2,없음
부산광역시,사하구,,다대동,A10021124,다대남도빌라,연립주택,부산광역시 사하구 다대동 959- 다대남도빌라,,,분양,19901011,20241211,5,132,132,0,0,0,자치관리,개별난방,계단식,롤라요,몰라요, ,,자치관리,,,,,,,,,,,,-,,,,,,,,,,,,,,0,,,,,,,,,가능,부산시 사하구 윤공단로25,512637210,,,3,,0,,,미설치,미설치,0,0,,,시 분,시 분,시 분,시 분,,,,없음
부산광역시,사하구,,다대동,A60475412,다대다송,아파트,부산광역시 사하구 다대동 94-5 다대다송,49513,부산광역시 사하구 다대로381번길 99,분양,19950511,20090730,4,500,500,0,0,0,위탁관리,개별난방,복도식,국제종합건설,부산도시개발공사,(주)에이비씨서비스,3728600893,위탁관리,4,위탁관리,4,주)삼성보안공사,위탁관리,2,,차량수거방식,위탁관리,,6,분무식,철근콘크리트구조,800,단일계약,위탁선임,P형,고가수조식,위탁관리,8,0,0,0,0,0,190,167,23,32,무,정문,무,,,가능,부산시 사하구 다대로381번길 99,512644350,519194350,"관리사무소, 노인정, 어린이놀이터",25,25,2,0,0,미설치,미설치,0,0,,,시 분,시 분,시 분,시 분,,,,없음
부산광역시,사하구,,다대동,A60475803,다대다해아파트,아파트,부산광역시 사하구 다대동 80-14 다대다해아파트,49515,부산광역시 사하구 다송로 7,분양,19861103,20090511,6,390,390,0,0,0,자치관리,개별난방,계단식,동양개발(주),부산광역시, ,,자치관리,3,자치관리,4,자치관리,자치관리,1,,음식물쓰레기종량제,위탁관리,(주)영진이엔디,4,분무식,철근콘크리트구조,0,기타,선정안함,P형,고가수조식,,,0,0,0,0,0,132,132,0,20,무,정문,무,,,가능,부산시 사하구 다송로 7,512612327,512612327,"관리사무소, 노인정, 어린이놀이터, 자전거보관소",6,6,0,208,0,미설치,미설치,0,0,,,,,,,,,,없음
부산광역시,사하구,,다대동,A60475507,다대대우아파트,아파트,부산광역시 사하구 다대동 1552 다대대우아파트,49506,부산광역시 사하구 다대낙조1길 12,분양,19980912,20090511,5,546,546,0,0,0,자치관리,개별난방,계단식,대우건설,대우건설, ,,자치관리,7,자치관리,6,,자치관리,6,,음식물쓰레기종량제,위탁관리,명가종합관리,3,분무식,철근콘크리트구조,2050,단일계약,상주선임,R형,부스타방식,위탁관리,0,0,0,0,11,0,937,306,631,79,무,정문,무,,,가능,부산시사하구다대낙조1길12,512645733,512645734,"관리사무소, 노인정, 주민공동시설, 어린이놀이터, 휴게시설",25,25,1,858,7,설치,설치,20,8,입주민전용,입주민전용,9시 0분,9시 0분,24시 0분,24시 50분,"◆1◆|지하|벽부형충전기|AC단상 5핀|완속|8|클린일렉스|,◆2◆|지상|스탠드형충전기|DC차데모 10핀|완속|20|한화솔루션|",20,8,없음
부산광역시,사하구,,다대동,A60405001,다대롯데캐슬몰운대,아파트,부산광역시 사하구 다대동 1624 다대롯데캐슬몰운대,49497,부산광역시 사하구 다대낙조2길 100,분양,20071126,20090511,49,3462,3462,0,0,0,위탁관리,개별난방,계단식,롯데건설(주),신부국건업(주),(주)아주관리,2098134445,위탁관리,23,위탁관리,54,(주)부경,위탁관리,30,,음식물쓰레기종량제,위탁관리,,3,분무식,철근콘크리트구조,11600,단일계약,상주선임,R형,부스타방식,위탁관리,96,0,0,0,0,0,4697,987,3710,498,무,정문,무,,,가능,부산 사하구 다대낙조2길 100(203동 맞은편),512654488,519194488,"관리사무소, 노인정, 문고, 어린이놀이터",20,20,0,4810,47,미설치,설치,0,47,,입주민전용,,12시 5분,,12시 4분,◆1◆|지하|벽부형충전기|직접입력|완속|94|파워큐브|,0,94,없음
부산광역시,사하구,,다대동,A60405002,다대롯데캐슬블루,아파트,부산광역시 사하구 다대동 86-6 다대롯데캐슬블루,49515,부산광역시 사하구 다송로 23,분양,20141224,20140710,9,1326,1326,0,0,0,위탁관리,개별난방,계단식,롯데건설(주),다대2주공 재건축조합,(주)에이치엠 우성,6058147662,위탁관리,12,위탁관리,11,에스케이쉴더스 주식회사,위탁관리,14,조은관리시스템주식회사,음식물쓰레기종량제,위탁관리,(주)지우환경,3,분무식,철근콘크리트구조,6900,단일계약,상주선임,GR형,부스타방식,위탁관리,23,0,0,0,0,0,1761,84,1677,345,유,정문,유,여,,가능,부산시 사하구 다송로23 다대롯데캐슬블루 관리사무소,512651326,512631326,"관리사무소, 노인정, 보육시설, 문고, 주민공동시설, 어린이놀이터, 휴게시설, 커뮤니티공간, 자전거보관소, 기타",35,35,0,1968,50,설치,설치,1,35,입주민전용,,0시 0분,0시 0분,0시 0분,23시 59분,"◆1◆|지상|벽부형충전기|AC단상 5핀|완속|1|플러그링크|,◆2◆|지하|벽부형충전기|AC단상 5핀|완속|35|플러그링크|",1,35,있음
부산광역시,사하구,,다대동,A60482013,다대몰운대아파트,아파트,"부산광역시 사하구 다대동 1550-1,부산광역시 사하구 다대동 1551-16,부산광역시 사하구 다대동 1550-6,부산광역시 사하구 다대동 1550 다대몰운대아파트",49503,"부산광역시 사하구 다대낙조2길 12,부산광역시 사하구 다대낙조2길 215,부산광역시 사하구 다대낙조2길 216,부산광역시 사하구 다대낙조2길 14",분양,19960110,20090511,17,2960,2960,0,0,0,위탁관리,개별난방,복도식,국제 등,도시개발공사,조은관리시스템 주식회사,8328701902,위탁관리,16,위탁관리,35,(주)조은관리시스템,위탁관리,18,(주)조은관리시스템,차량수거방식,위탁관리,고려그린,4,분무식,철근콘크리트구조,4200,단일계약,상주선임,P형,부스타방식,위탁관리,36,0,0,0,0,0,1461,1461,0,320,무,정문,무,,,가능,부산광역시 사하구 다대낙조2길12,512623585,512623665,"관리사무소, 노인정, 보육시설, 주민공동시설, 어린이놀이터, 휴게시설, 유치원, 커뮤니티공간",22,22,0,1500,5,미설치,설치,0,9,,입주민전용,시 분,24시 0분,시 분,24시 0분,◆1◆|지하|벽부형충전기|AC단상 5핀|완속|9|차지비|,0,9,없음
부산광역시,사하구,,다대동,A60475402,다대삼환2차아파트,아파트,부산광역시 사하구 다대동 94 다대삼환2차아파트,49513,부산광역시 사하구 다대로381번길 41,분양,19990921,20090511,3,268,268,0,0,0,자치관리,개별난방,계단식,(주)삼환까뮤,(주)삼환까뮤, ,,자치관리,3,위탁관리,6,(주)경성관리,위탁관리,2,,차량수거방식,관리방식미정,,3,분무식,철근콘크리트구조,1150,단일계약,위탁선임,P형,부스타방식,위탁관리,9,0,0,0,0,0,279,129,150,48,무,정문,무,,,가능,부산광역시 사하구 다대로 381번길 41,512665004,519965004,"관리사무소, 노인정, 어린이놀이터",15,15,2,279,2,미설치,설치,0,6,,입주민전용,,0시 0분,,23시 0분,◆1◆|지하|벽부형충전기|직접입력|완속|6|홈앤서비스(주)|,0,6,없음
부산광역시,사하구,,다대동,A60475710,다대삼환아파트,아파트,부산광역시 사하구 다대동 120-10 다대삼환아파트,49519,부산광역시 사하구 다대로429번길 20,분양,19960913,20090511,10,1669,1669,0,0,0,위탁관리,중앙난방,혼합식,삼환기업(주),삼미금속(주),(주)명건,6078135065,위탁관리,15,위탁관리,15,(주)삼성티엠에스,위탁관리,15,(주)삼성티엠에스,음식물쓰레기종량제,위탁관리,푸른환경시스템,9,"도포식,분무식,기구부착식",철근콘크리트구조,4926,단일계약,상주선임,R형,고가수조식,위탁관리,28,0,0,0,0,0,1843,832,1011,253,무,정문,무,,,가능,부산광역시 사하구 다대로429번길 20,512646662,512646663,"관리사무소, 노인정, 주민공동시설, 어린이놀이터, 유치원, 자전거보관소",25,25,2,1956,25,미설치,설치,0,37,,입주민전용,,0시 24분,,0시 24분,"◆1◆|지하|벽부형충전기|AC단상 5핀|완속|37|파워큐브5,SK홈앤|",0,37,없음
부산광역시,사하구,,다대동,A10021031,다대센텀리슈빌,아파트,부산광역시 사하구 다대동 1679- 다대센텀리슈빌,,,분양,20241008,20241230,5,285,285,0,0,0,위탁관리,개별난방,계단식,계룡건설산업(주),(주)무궁화신탁,(주)청풍산업,6038151670,위탁관리,3,,,,관리방식미정,0,,,관리방식미정,,,-,철근콘크리트구조,1920,종합계약,상주선임,GR형,부스타방식,위탁관리,11,0,0,0,0,0,277,40,237,108,,,,,,가능,부산광역시 사하구 윤공단로 17번길 55,512616213,512616213,,15,,3,,,,,,,,,,,,,,,,없음
부산광역시,사하구,,다대동,A60476511,다대자유아파트,아파트,부산광역시 사하구 다대동 382-3 다대자유아파트,49525,부산광역시 사하구 다대로 617,분양,19931005,20090511,13,987,987,0,0,0,위탁관리,개별난방,혼합식,자유건설,자유건설,(주)디이씨오,6048134470,위탁관리,7,위탁관리,8,(주)경동기업,위탁관리,10,,음식물쓰레기종량제,위탁관리,,4,분무식,철근콘크리트구조,2750,단일계약,상주선임,P형,고가수조식,위탁관리,20,0,0,0,0,0,700,430,270,132,무,정문,무,,,가능,부산시 사하구 다대로 617,512637746,512661567,"관리사무소, 노인정",25,25,0,990,7,미설치,설치,0,6,,입주민전용,시 분,0시 1분,시 분,23시 59분,◆1◆|지하|벽부형충전기|AC단상 5핀|완속|6|이지차지|,0,6,없음
부산광역시,사하구,,다대동,A60473003,다대조성아파트,아파트,부산광역시 사하구 다대동 948-1 다대조성아파트,49496,부산광역시 사하구 윤공단로17번길 103,분양,19900331,20090511,6,408,408,0,0,0,자치관리,개별난방,계단식,조성건설,조성건설, ,,자치관리,3,자치관리,2,,위탁관리,2,,음식물쓰레기종량제,위탁관리,,4,분무식,철근콘크리트구조,67,기타,선정안함,P형,고가수조식,,0,0,0,0,0,0,180,180,0,28,무,정문,무,,,가능,부산시 사하구 윤공단로17번길103,512611785,519951785,"관리사무소, 노인정, 어린이놀이터",6,6,1,282,3,설치,미설치,5,0,입주민전용,,12시 0분,,12시 0분,,◆1◆|지상|벽부형충전기|직접입력|완속|4|대영채비|,4,0,없음
부산광역시,사하구,,다대동,A60476604,다대코오롱아파트(코오롱맨션),아파트,부산광역시 사하구 다대동 37 다대코오롱아파트(코오롱맨션),49518,부산광역시 사하구 다송로 36,분양,19880725,20090511,9,520,520,0,0,0,자치관리,개별난방,계단식,코오롱건설,코오롱건설, ,,자치관리,4,위탁관리,4,(주)듀델코리아,위탁관리,2,태영개발주식회사,음식물쓰레기종량제,위탁관리,도시환경,3,"도포식,분무식,기구부착식",철근콘크리트구조,5,단일계약,기타,P형,부스타방식,,,0,0,0,0,0,328,328,0,48,무,정문,무,,,가능,부산광역시 사하구 다송로 36 다대코오롱아파트,512632643,512632645,"관리사무소, 노인정, 어린이놀이터, 자전거보관소",5,5,0,0,0,미설치,미설치,0,0,,,시 분,시 분,시 분,시 분,,,,있음
부산광역시,사하구,,다대동,A60472901,다대푸르지오,아파트,부산광역시 사하구 다대동 1667 다대푸르지오,49492,부산광역시 사하구 윤공단로 123,분양,20120928,20121016,15,972,972,0,0,0,위탁관리,개별난방,계단식,(주)대우건설,다대1주공아파트 재건축정비사업,(주)명건,6078135065,위탁관리,7,위탁관리,8,(주)명건,위탁관리,10,(주)명건,음식물쓰레기종량제,위탁관리,(주)구구환경공사,3,"도포식,분무식",철근콘크리트구조,5750,단일계약,상주선임,R형,부스타방식,위탁관리,22,0,0,0,0,0,1329,41,1288,256,유,정문,유,여,,가능,부산시 사하구 윤공단로123번길(다대동924번지),512652600,512652211,"관리사무소, 노인정, 보육시설, 문고, 주민공동시설, 어린이놀이터, 자전거보관소",29,29,2,1428,5,미설치,설치,0,27,,입주민전용,시 분,0시 0분,시 분,23시 59분,◆1◆|지하|벽부형충전기|AC단상 5핀|완속|27|파워큐브코리아|,0,27,있음
부산광역시,사하구,,다대동,A60475509,다대푸른아파트,아파트,부산광역시 사하구 다대동 1548-13 다대푸른아파트,49504,부산광역시 사하구 다대낙조2길 11,분양,19960627,20090511,4,640,640,0,0,0,자치관리,개별난방,복도식,(주)백일건설,부산 도시개발공사, ,,자치관리,5,위탁관리,8,경성종합관리,위탁관리,4,경성종합관리,음식물쓰레기종량제,위탁관리,신일방역,3,분무식,철근콘크리트구조,1110,종합계약,위탁선임,P형,부스타방식,위탁관리,8,0,0,0,0,0,311,276,35,32,무,정문,무,,,가능,부산광역시 사하구 다대동 1548 - 13 다대푸른아파트,512656958,512653943,"관리사무소, 노인정, 주민공동시설, 어린이놀이터",21,21,1,487,6,설치,미설치,6,0,입주민전용,,0시 0분,,24시 0분,,"◆1◆|지상|스탠드형충전기|AC단상 5핀|완속|3|차지비|,◆2◆|지상|스탠드형충전기|AC단상 5핀|완속|3|(주)LG유플러스|",6,0,없음
부산광역시,사하구,,다대동,A60474307,다대해송아파트,아파트,"부산광역시 사하구 다대동 113-11,부산광역시 사하구 다대동 113-14 다대해송아파트",49490,부산광역시 사하구 다대로 470,분양,19911206,20090511,9,714,714,0,0,0,자치관리,개별난방,복도식,부산도시개발공사,부산도시개발공사, ,,자치관리,5,위탁관리,9,(주)삼성티엠에스,위탁관리,4,(주)삼성티엠에스,거점장비수거방식,위탁관리(직영+위탁),미래아이환경,8,분무식,철근콘크리트구조,2100,단일계약,상주선임,P형,고가수조식,위탁관리,11,0,0,0,0,0,306,260,46,69,무,정문,무,,,가능,부산시 사하구 다대로 470,512643281,512652573,"관리사무소, 노인정, 어린이놀이터, 휴게시설",15,15,1,370,5,미설치,설치,0,4,,외부인허용,,1시 0분,,23시 0분,◆1◆|지하|벽부형충전기|AC단상 5핀|완속|4|(주)파위큐브코리아|,0,4,없음
부산광역시,사하구,,다대동,A60475612,다대현대아파트,아파트,부산광역시 사하구 다대동 120-1 다대현대아파트,49520,부산광역시 사하구 다대로 473,분양,19930909,20090511,15,2181,2181,0,0,0,위탁관리,중앙난방,계단식,현대건설,삼미금속,우리관리(주),1148123107,위탁관리,20,위탁관리,36,(주)비앤에이서비스,위탁관리,16,,음식물쓰레기종량제,위탁관리,,4,-,철근콘크리트구조,6750,단일계약,상주선임,P형,고가수조식,위탁관리,42,0,0,0,0,0,2029,835,1194,207,무,정문,유,부,관리자 등이 긴급자동차임을 확인한 후 차단기를 수동으로 개방해 주는 경우,불가능,부산광역시 사하구 다대2동 120-1 다대현대아파트,512617251,512663637,"관리사무소, 노인정, 어린이놀이터",25,25,1,2724,25,미설치,설치,0,20,,입주민전용,시 분,0시 0분,시 분,23시 59분,"◆1◆|지하|벽부형충전기|AC단상 5핀|완속|10|이지차저|,◆2◆|지하|스탠드형충전기|AC단상 5핀|완속|6|한전|,◆3◆|지하|스탠드형충전기|AC3상 7핀|급속|2|한전|,◆4◆|지하|스탠드형충전기|DC차데모 10핀|급속|1|한전|,◆5◆|지하|스탠드형충전기|DC콤보 7핀|급속|1|한전|",0,20,없음
부산광역시,사하구,,다대동,A60474204,대건아파트,아파트,부산광역시 사하구 다대동 930 대건아파트,49492,부산광역시 사하구 윤공단로 103,분양,19910208,20090511,11,417,417,0,0,0,위탁관리,개별난방,계단식,석원건설(주),석원건설(주),(주)삼성티엠에스,6078138188,위탁관리,3,위탁관리,3,삼성티엠에스,위탁관리,1,,음식물쓰레기종량제,위탁관리,,3,분무식,철근콘크리트구조,0,기타,기타,기타,부스타방식,,,0,0,0,0,0,295,295,0,16,무,정문,무,,,가능,부산광역시 사하구 윤공단로 103,512617253,512617254,"관리사무소, 노인정, 어린이놀이터",4,4,0,350,0,미설치,미설치,0,0,,,시 분,시 분,시 분,시 분,,,,없음
부산광역시,사하구,,다대동,A60475411,도개공다대4지구영구임대아파트,아파트,부산광역시 사하구 다대동 96-1 도개공다대4지구영구임대아파트,49516,부산광역시 사하구 다송로 59,임대,19950622,20090511,10,1920,0,1920,1920,0,자치관리,중앙난방,복도식,삼성물산건설부문,부산도시공사, ,,자치관리,15,위탁관리,16,(주)에스코아,위탁관리,6,,차량수거방식,위탁관리,,9,분무식,철근콘크리트구조,2850,단일계약,상주선임,R형,고가수조식,위탁관리,20,0,0,0,0,0,250,250,0,83,무,정문,무,,,가능,부산광역시 사하구 다송로 59,512612316,512612317,"관리사무소, 노인정, 보육시설, 주민공동시설, 어린이놀이터, 휴게시설, 유치원, 커뮤니티공간",25,25,1,169,0,미설치,미설치,0,0,,,,,,,,,,없음
부산광역시,사하구,,다대동,A60475401,도시두송아파트,아파트,부산광역시 사하구 다대동 96 도시두송아파트,49516,부산광역시 사하구 다대로381번길 105,혼합,19980626,20090511,2,260,130,130,130,0,위탁관리,개별난방,혼합식,정우종합건설(주),부산도시공사,남부공영(주),6078121523,위탁관리,3,위탁관리,4,(주)명가종합관리,위탁관리,2,,음식물쓰레기종량제,위탁관리,,4,분무식,철근콘크리트구조,660,단일계약,위탁선임,P형,고가수조식,위탁관리,0,0,0,0,5,0,117,72,45,30,무,정문,무,,,가능,부산광역시 사하구 다대로 381번길105,512644493,512663516,"관리사무소, 노인정, 주민공동시설, 어린이놀이터, 휴게시설",22,22,0,188,2,미설치,설치,0,3,입주민전용,입주민전용,,0시 0분,,23시 0분,◆1◆|지하|벽부형충전기|직접입력|완속|3|(주)골든하이테크|,0,3,없음
부산광역시,사하구,,다대동,A60482708,성원아파트,아파트,부산광역시 사하구 다대동 1552-19 성원아파트,49507,부산광역시 사하구 다대낙조1길 42,분양,19980926,20090511,4,546,546,0,0,0,자치관리,개별난방,계단식,성원건설,성원건설, ,,자치관리,7,자치관리,6,,자치관리,5,,차량수거방식,위탁관리,,4,분무식,철근콘크리트구조,1700,종합계약,상주선임,P형,고가수조식,위탁관리,11,0,0,0,0,0,987,410,577,74,무,정문,무,,,가능,부산시 사하구 다대낙조1길 42,512642820,519762821,"관리사무소, 노인정, 어린이놀이터",25,25,2,0,0,설치,미설치,20,0,,,0시 0분,시 분,24시 0분,시 분,◆1◆|지상|스탠드형충전기|AC단상 5핀|완속|20|엘지텔레콤|,20,0,없음
부산광역시,사하구,,다대동,A60475305,신다대아파트,아파트,"부산광역시 사하구 다대동 113,부산광역시 사하구 다대동 113-6 신다대아파트",49490,부산광역시 사하구 다대로 400,분양,19911222,20090511,5,570,570,0,0,0,위탁관리,개별난방,복도식,도시개발공사,도시개발공사,(주)명건,6078135065,위탁관리,4,위탁관리,4,(주)코스텍,위탁관리,2,,차량수거방식,위탁관리,,4,분무식,철근콘크리트구조,700,종합계약,위탁선임,P형,부스타방식,위탁관리,6,0,0,0,0,0,162,142,20,32,무,정문,무,,,가능,부산 사하구 다대로394,519933283,512653893,"관리사무소, 노인정",15,15,1,289,0,미설치,미설치,0,0,입주민전용,입주민전용,시 분,시 분,시 분,시 분,,,,없음
부산광역시,사하구,,다대동,A60482502,영동비치타워,주상복합,부산광역시 사하구 다대동 820-1 영동비치타워,49522,부산광역시 사하구 다대동로 30,분양,20051021,20090511,1,280,280,0,0,0,위탁관리,개별난방,혼합식,(주)영동건설,부산시 수산업협동조합,(주)하나티엠,6058124811,위탁관리,3,위탁관리,4,(주)신우시스템,위탁관리,2,,차량수거방식,위탁관리,,5,분무식,철근콘크리트구조,1700,종합계약,상주선임,R형,부스타방식,위탁관리,4,0,0,2,0,0,280,280,0,45,무,정문,유,여,,가능,부산시 사하구 다대동로 30번길,512666638,512666657,"관리사무소, 노인정, 주민공동시설, 자전거보관소",35,35,2,250,20,설치,미설치,9,0,,,1시 1분,,24시 59분,,◆1◆|지상|벽부형충전기|AC단상 5핀|완속|9|파워큐브코리아|,9,0,있음
부산광역시,사하구,,다대동,A10021113,우신아파트,아파트,부산광역시 사하구 다대동 960- 우신아파트,,,분양,19861212,20241212,10,237,237,0,0,0,자치관리,개별난방,계단식,우신종합건설,우신종합건설, ,,자치관리,1,자치관리,,,위탁관리,0,대성환경,음식물쓰레기종량제,자치관리,,4,분무식,철골콘크리트구조,70,단일계약,선정안함,기타,고가수조식,,0,0,0,0,0,0,147,147,0,16,무,정문,무,,,가능,부산시 사하구 윤공단로17번길 29,512630540,512614077,"관리사무소, 노인정, 어린이놀이터",3,,0,128,0,설치,미설치,0,0,,,24시 0분,시 분,24시 0분,시 분,◆1◆|지상|스탠드형충전기|AC3상 7핀|완속|2|지에스차비지(주)|,2,0,없음
부산광역시,사하구,,구평동,A10026651,e-편한세상 사하2차 아파트,아파트,부산광역시 사하구 구평동 518 e-편한세상 사하2차 아파트,49459,부산광역시 사하구 서포로30번길 12,분양,20171031,20171211,8,946,946,0,0,0,위탁관리,개별난방,계단식,대림산업,(주)복성개발산업,(주)하나종합관리,6088146774,위탁관리,8,위탁관리,6,(주)에스원,위탁관리,11,(주)하나종합관리,음식물쓰레기종량제,위탁관리,대성실업,3,-,철근콘크리트구조,3900,단일계약,상주선임,R형,부스타방식,위탁관리,22,0,0,0,0,0,1004,0,1004,346,유,후문,유,부,관리자 등이 긴급자동차임을 확인한 후 차단기를 수동으로 개방해 주는 경우,불가능,부산광역시 사하구 서포로 30번길 12,512650600,512650605,,29,29,3,1210,7,미설치,미설치,0,0,,,시 분,시 분,시 분,시 분,,,,없음
부산광역시,사하구,,구평동,A60481703,구평1차자유아파트,아파트,부산광역시 사하구 구평동 17 구평1차자유아파트,49396,부산광역시 사하구 을숙도대로709번길 31,분양,19990305,20090511,5,584,584,0,0,0,위탁관리,개별난방,계단식,자유건설,신평장림공단근로자 복지주택조함,(주)삼성T.M.S,6078138188,위탁관리,5,위탁관리,3,(주)부경공영,위탁관리,5,(주)부경공영,차량수거방식,위탁관리,(주)푸른환경시스템,3,분무식,철근콘크리트구조,1400,단일계약,상주선임,P형,부스타방식,위탁관리,2,0,0,0,15,0,590,144,446,103,무,정문,무,,,가능,부산시 사하구 을숙도대로 709번길 31,512660484,512622773,"관리사무소, 노인정, 보육시설, 문고, 어린이놀이터",20,20,3,590,0,미설치,설치,0,12,,,,0시 0분,,0시 0분,◆1◆|지하|벽부형충전기|AC단상 5핀|완속|12|파워큐브코리아|,0,12,없음
부산광역시,사하구,,구평동,A60473701,구평한신휴플러스,아파트,부산광역시 사하구 구평동 497 구평한신휴플러스,49396,부산광역시 사하구 을숙도대로709번길 22,분양,20130726,20131002,6,419,419,0,0,0,위탁관리,개별난방,계단식,한신공영(주),대한토지신탁(주),부경공영주식회사,6058165205,위탁관리,4,위탁관리,2,부경공영주식회사,위탁관리,4,,음식물쓰레기종량제,위탁관리,,3,분무식,철근콘크리트구조,2200,단일계약,상주선임,GR형,부스타방식,위탁관리,12,0,0,0,0,0,425,96,329,103,유,정문,유,여,,가능,부산광역시 사하구 을숙도대로 709번길 22,512668730,512668731,"관리사무소, 노인정, 보육시설, 문고, 어린이놀이터, 자전거보관소",22,22,3,515,10,미설치,설치,0,0,,,,0시 1분,,23시 59분,"◆1◆|지하|스탠드형충전기|AC단상 5핀|완속|2|(주)A.F.T|,◆2◆|지하|스탠드형충전기|직접입력|급속|1|PNE시스템즈|,◆3◆|지하|스탠드형충전기|AC단상 5핀|완속|1|(주)시그넷이브이|",0,4,없음
부산광역시,사하구,,구평동,A60473602,구평화신아파트,아파트,부산광역시 사하구 구평동 41-7 구평화신아파트,49396,부산광역시 사하구 사하로 47,분양,19930514,20090511,4,496,496,0,0,0,위탁관리,개별난방,계단식,(주)화신종합건설,(주)화신종합건설,(주)에이치엠우성,6058147662,위탁관리,4,위탁관리,6,(주)고태,위탁관리,5,(주)고태,음식물쓰레기종량제,위탁관리,부일환경,3,분무식,철근콘크리트구조,720,기타,위탁선임,P형,고가수조식,위탁관리,14,0,0,0,0,0,393,159,234,74,무,정문,무,,,가능,"부산광역시 사하구 사하로 47,(구평동)",512643802,512643801,"관리사무소, 노인정, 어린이놀이터",22,22,2,495,6,미설치,설치,0,8,,외부인허용,시 분,0시 0분,시 분,0시 0분,◆1◆|지하|벽부형충전기|DC콤보 7핀|완속|8|신세계아이앤씨|,0,8,없음
부산광역시,사하구,,구평동,A10027306,대림e편한세상사하1차아파트,아파트,부산광역시 사하구 구평동 517 대림e편한세상사하1차아파트,49459,부산광역시 사하구 서포로30번길 26,분양,20160909,20161124,10,1068,1068,0,0,0,위탁관리,개별난방,계단식,(주)대림산업,(주)복성산업개발,(주)삼성T.M.S,6078138188,위탁관리,9,위탁관리,6,(주)한특,위탁관리,13,(주) 삼성T.M.S,음식물쓰레기종량제,위탁관리,(주)고려그린,4,"분무식,독이식",철골철근콘크리트구조,3000,종합계약,상주선임,R형,부스타방식,위탁관리,28,0,0,0,28,0,1078,0,1078,254,유,정문,유,여,,가능,부산광역시 사하구 서포로30번길26 e편한세상사하아파트,512667188,512667189,"관리사무소, 노인정, 보육시설, 주민공동시설, 어린이놀이터, 휴게시설, 커뮤니티공간",29,29,3,1379,28,미설치,설치,0,22,,입주민전용,,24시 1분,,24시 1분,◆1◆|지하|벽부형충전기|AC단상 5핀|완속|28|파워큐브코리아|,0,28,있음
부산광역시,사하구,,구평동,A10024185,부산사하중흥S-클래스,아파트,부산광역시 사하구 구평동 513 부산사하중흥S-클래스,49459,부산광역시 사하구 서포로30번길 42,임대,20210705,20210819,6,665,0,665,665,0,위탁관리,개별난방,계단식,중봉건설,중봉건설,드림씨엔씨 유한회사,4108700469,위탁관리,7,위탁관리,4,드림씨엔씨,위탁관리,5,,음식물쓰레기종량제,관리방식미정,,2,분무식,철골철근콘크리트구조,3950,단일계약,상주선임,R형,부스타방식,위탁관리,16,0,0,0,0,6,714,4,710,321,유,후문,유,여,,가능,부산사하구 서포로 30번길 42 중흥 s-클래스,512665999,512666999,"관리사무소, 노인정, 보육시설, 문고, 주민공동시설, 어린이놀이터, 휴게시설, 유치원, 커뮤니티공간, 자전거보관소",29,29,4,830,20,미설치,설치,0,15,,입주민전용,,24시 0분,,24시 0분,◆1◆|지하|스탠드형충전기|DC콤보 7핀|완속|2|LS|,0,2,없음
부산광역시,사하구,,감천동,A60478203,감천백산아파트,아파트,부산광역시 사하구 감천동 682 감천백산아파트,49446,부산광역시 사하구 감천로 32,분양,19951219,20090511,1,224,224,0,0,0,위탁관리,개별난방,계단식,(주)백산종합건설,(주)백산종합건설,(주)하나티엠,6058124811,위탁관리,3,위탁관리,2,(주)신성,위탁관리,2,,음식물쓰레기종량제,위탁관리,,3,분무식,철근콘크리트구조,300,기타,위탁선임,P형,고가수조식,위탁관리,6,0,0,0,0,0,154,47,107,25,무,정문,무,,,가능,부산 사하구 감천로 32,519925166,512015166,"노인정, 어린이놀이터",20,20,1,159,1,미설치,설치,0,3,,입주민전용,,0시 0분,,23시 59분,◆1◆|지하|벽부형충전기|AC단상 5핀|완속|3|(주)에버온|,0,3,없음
부산광역시,사하구,,감천동,A60480001,감천영동힐타운아파트,아파트,부산광역시 사하구 감천동 12-108 감천영동힐타운아파트,49365,부산광역시 사하구 옥천로 87,분양,20030620,20090511,1,176,176,0,0,0,위탁관리,개별난방,혼합식,영동건설,감천시영아파트 재건축조합,(주)승학,3408100611,위탁관리,2,위탁관리,2,(주)태원서비스,위탁관리,2,,음식물쓰레기종량제,관리방식미정,,3,"분무식,기구부착식",철근콘크리트구조,600,단일계약,위탁선임,P형,고가수조식,위탁관리,3,0,0,0,0,0,157,15,142,16,무,정문,무,,,가능,부산시 사하구 옥천로 87,512910046,512910108,"관리사무소, 노인정",20,20,0,170,2,미설치,설치,0,2,,입주민전용,시 분,12시 12분,시 분,12시 12분,◆1◆|지하|벽부형충전기|AC3상 7핀|완속|2|플러그링크|,0,2,없음
부산광역시,사하구,,감천동,A10022107,감천오펠리움아파트,아파트,부산광역시 사하구 감천동 868- 감천오펠리움아파트,,,분양,20180718,20241021,4,145,145,0,0,0,자치관리,개별난방,계단식,신태양건설,신서건업, ,,자치관리,2,자치관리,,,자치관리,1,,음식물쓰레기종량제,자치관리,,3,분무식,철골철근콘크리트구조,750,단일계약,위탁선임,R형,부스타방식,위탁관리,0,0,4,1,0,0,136,6,130,65,유,정문,유,여,,가능,부산광역시 사하구 감천로105번길 53,512085505,,"관리사무소, 노인정, 어린이놀이터, 자전거보관소",24,,2,150,3,미설치,설치,0,3,,입주민전용,시 분,24시 0분,시 분,24시 0분,◆1◆|지하|벽부형충전기|AC단상 5핀|완속|3|지에스차지비|,0,3,없음
부산광역시,사하구,,감천동,A60473106,감천유림1차아파트,아파트,부산광역시 사하구 감천동 808 감천유림1차아파트,49446,부산광역시 사하구 감천로 24,분양,19971114,20090511,3,477,477,0,0,0,위탁관리,개별난방,계단식,유림종합건설,은성사,(주)삼성T.M.S,6078138188,위탁관리,5,위탁관리,6,(주)대성공사,위탁관리,4,(주)대성공사,음식물쓰레기종량제,위탁관리,녹색환경,5,분무식,철근콘크리트구조,1300,단일계약,상주선임,P형,고가수조식,위탁관리,11,0,0,0,0,0,469,221,248,72,무,정문,무,,,가능,부산시 사하구 감천로 24,512941103,512933852,"관리사무소, 노인정, 어린이놀이터, 휴게시설",24,24,0,479,5,미설치,설치,0,10,,입주민전용,,0시 0분,,0시 0분,◆1◆|지하|벽부형충전기|AC단상 5핀|완속|10|파워큐브코리아|,0,10,없음
부산광역시,사하구,,감천동,A60473107,감천유림2차아파트,아파트,부산광역시 사하구 감천동 789 감천유림2차아파트,49446,부산광역시 사하구 사하로 80,분양,19990816,20090511,4,498,498,0,0,0,위탁관리,개별난방,계단식,유림종합건설(주),유림종합건설(주),(주)주우관리,6058113949,위탁관리,5,위탁관리,6,(주)장천,위탁관리,4,,음식물쓰레기종량제,위탁관리,,6,분무식,철근콘크리트구조,1700,단일계약,상주선임,P형,고가수조식,위탁관리,12,0,0,0,0,0,551,121,430,98,무,정문,무,,,가능,부산시 사하구 사하로 80 감천동  유림2차아파트 관리사무소,512910670,512942573,"관리사무소, 노인정, 주민공동시설, 어린이놀이터, 휴게시설",24,24,3,2,2,미설치,설치,0,0,입주민전용,입주민전용,,1시 0분,,23시 0분,◆1◆|지하|이동형충전기|AC단상 5핀|완속|33|파워큐브코리아|,0,33,없음
부산광역시,사하구,,감천동,A60473304,감천해태아파트,아파트,부산광역시 사하구 감천동 803-42 감천해태아파트,49446,부산광역시 사하구 사하로 74-6,분양,20001127,20090511,2,299,299,0,0,0,위탁관리,개별난방,계단식,해태제과(주)건설사업본부,해태제과(주)건설사업본부,(주)부경공영,6058146775,위탁관리,4,위탁관리,2,삼성보안공사,위탁관리,3,,음식물쓰레기종량제,위탁관리,,5,분무식,철근콘크리트구조,1400,단일계약,상주선임,P형,고가수조식,위탁관리,7,0,0,0,0,0,303,87,216,45,무,정문,무,,,가능,부산광역시 사하구 사하로 74-6(감천동),512920528,519920528,"관리사무소, 노인정, 어린이놀이터",23,23,0,331,0,미설치,미설치,0,0,외부인허용,외부인허용,,,,,,,,없음
부산광역시,사하구,,감천동,A60478201,감천현대아파트,아파트,부산광역시 사하구 감천동 682-1 감천현대아파트,49446,부산광역시 사하구 감천로 38,분양,19941029,20090511,1,200,200,0,0,0,위탁관리,개별난방,계단식,고려산업개발,(주)백산건설,(주)삼성T.M.S,6078138188,위탁관리,2,자치관리(직영),2,,자치관리(직영),2,,차량수거방식,위탁관리,,5,-,철근콘크리트구조,660,기타,위탁선임,P형,고가수조식,위탁관리,5,0,0,0,0,0,162,68,94,32,무,정문,무,,,가능,부산시 사하구 감천로 38,519924132,512924132,"관리사무소, 노인정, 어린이놀이터",20,20,1,154,1,설치,미설치,3,0,입주민전용,,0시 0분,시 분,23시 59분,시 분,◆1◆|지상|벽부형충전기|직접입력|완속|3|(주)에버온|,3,0,없음
부산광역시,사하구,,감천동,A60480405,남성한빛가든아파트,아파트,부산광역시 사하구 감천동 181-1 남성한빛가든아파트,49378,부산광역시 사하구 감천로 175,분양,19951020,20090511,2,307,307,0,0,0,위탁관리,개별난방,혼합식,남성건설,남성건설,(주)대산기업,6038110572,위탁관리,4,위탁관리,2,대산기업,위탁관리,3,대산기업,차량수거방식,위탁관리(직영+위탁),도시환경,4,분무식,철근콘크리트구조,1200,단일계약,위탁선임,P형,고가수조식,위탁관리,6,0,0,0,0,0,230,230,0,42,무,정문,무,,,가능,부산광역시 사하구 감천로 175,512012406,519912406,"관리사무소, 노인정, 어린이놀이터, 휴게시설, 자전거보관소",25,25,0,218,5,설치,미설치,5,0,입주민전용,,0시 0분,시 분,0시 0분,시 분,◆1◆|지상|벽부형충전기|AC단상 5핀|완속|5|엘지유플러스|,5,0,없음
부산광역시,사하구,,감천동,A60480608,부영벽산파라빌아파트,아파트,부산광역시 사하구 감천동 567 부영벽산파라빌아파트,49361,부산광역시 사하구 감천로21번길 35,분양,20021218,20090511,7,634,634,0,0,0,위탁관리,개별난방,계단식,"주, 벽산건설","주, 부영건설",(주)부경공영,6038134439,위탁관리,5,위탁관리,6,부경공영(주),위탁관리,6,듀델코리아,음식물쓰레기종량제,위탁관리,경남방역,3,분무식,철근콘크리트구조,1950,단일계약,상주선임,R형,부스타방식,위탁관리,17,0,0,0,0,0,638,460,178,171,무,정문,유,여,,가능,부산광역시 사하구 감천로 21번길 35,512948087,512948086,"관리사무소, 노인정, 보육시설, 주민공동시설, 어린이놀이터, 휴게시설",25,25,0,639,8,미설치,설치,0,5,,입주민전용,,0시 0분,,0시 0분,◆1◆|지하|벽부형충전기|AC단상 5핀|완속|5|직커네트-부경네티존|,0,5,없음
